"Position","Name","Salary","GameInfo","AvgPointsPerGame","teamAbbrev"
"SP","Clayton Kershaw",14400,"Was@LAD 10:10PM ET",30.138,"LAD"
"SP","Max Scherzer",13900,"Was@LAD 10:10PM ET",25.593,"Was"
"SP","Madison Bumgarner",13700,"SF@Pit 07:05PM ET",25.671,"SF"
"SP","Jose Fernandez",13700,"Atl@Mia 07:10PM ET",27.377,"Mia"
"SP","Stephen Strasburg",13600,"Was@LAD 10:10PM ET",26.046,"Was"
"SP","Danny Salazar",12900,"TB@Cle 07:10PM ET",23.915,"Cle"
"SP","Noah Syndergaard",12900,"KC@NYM 07:10PM ET",24.675,"NYM"
"SP","Johnny Cueto",12700,"SF@Pit 07:05PM ET",25.093,"SF"
"SP","Jake Arrieta",12600,"StL@ChC 08:05PM ET",26.761,"ChC"
"SP","David Price",12500,"CWS@Bos 07:10PM ET",20.837,"Bos"
"SP","Rich Hill",12400,"Mil@Oak 10:05PM ET",22.236,"Oak"
"SP","Jon Lester",12000,"StL@ChC 08:05PM ET",23.639,"ChC"
"SP","John Lackey",11900,"StL@ChC 08:05PM ET",23.369,"ChC"
"SP","Yu Darvish",11800,"Cin@Tex 08:05PM ET",20.150,"Tex"
"SP","Corey Kluber",11600,"TB@Cle 07:10PM ET",20.075,"Cle"
"SP","Justin Verlander",11400,"Sea@Det 07:10PM ET",20.811,"Det"
"SP","Steven Wright",11400,"CWS@Bos 07:10PM ET",21.654,"Bos"
"SP","Marco Estrada",11300,"Ari@Tor 07:07PM ET",20.531,"Tor"
"SP","Zack Greinke",11100,"Ari@Tor 07:07PM ET",18.459,"Ari"
"SP","Julio Teheran",11000,"Atl@Mia 07:10PM ET",19.231,"Atl"
"SP","Aaron Sanchez",11000,"Ari@Tor 07:07PM ET",19.607,"Tor"
"SP","Chris Tillman",10700,"SD@Bal 07:05PM ET",19.250,"Bal"
"SP","Matt Shoemaker",10700,"LAA@Hou 08:10PM ET",15.546,"LAA"
"SP","Cole Hamels",10500,"Cin@Tex 08:05PM ET",19.757,"Tex"
"SP","Trevor Bauer",10500,"TB@Cle 07:10PM ET",12.919,"Cle"
"SP","Garrett Richards",10300,"LAA@Hou 08:10PM ET",17.300,"LAA"
"SP","Jacob deGrom",10100,"KC@NYM 07:10PM ET",16.865,"NYM"
"SP","Carlos Carrasco",10000,"TB@Cle 07:10PM ET",16.119,"Cle"
"SP","Jon Gray",10000,"Col@NYY 07:05PM ET",17.545,"Col"
"SP","Jerad Eickhoff",9900,"Phi@Min 08:10PM ET",15.975,"Phi"
"SP","Michael Fulmer",9900,"Sea@Det 07:10PM ET",20.030,"Det"
"SP","Rick Porcello",9800,"CWS@Bos 07:10PM ET",18.079,"Bos"
"SP","Felix Hernandez",9700,"Sea@Det 07:10PM ET",17.515,"Sea"
"SP","Kenta Maeda",9700,"Was@LAD 10:10PM ET",18.711,"LAD"
"SP","Colby Lewis",9500,"Cin@Tex 08:05PM ET",16.868,"Tex"
"SP","Steven Matz",9500,"KC@NYM 07:10PM ET",20.196,"NYM"
"SP","Josh Tomlin",9300,"TB@Cle 07:10PM ET",16.238,"Cle"
"SP","Tyler Skaggs",9200,"LAA@Hou 08:10PM ET",0,"LAA"
"SP","Carlos Martinez",9100,"StL@ChC 08:05PM ET",15.350,"StL"
"SP","Kyle Hendricks",9100,"StL@ChC 08:05PM ET",17.482,"ChC"
"SP","Zach Davies",9100,"Mil@Oak 10:05PM ET",15.246,"Mil"
"SP","Aaron Nola",9000,"Phi@Min 08:10PM ET",19.407,"Phi"
"SP","Jeff Samardzija",8900,"SF@Pit 07:05PM ET",19.179,"SF"
"SP","Tom Koehler",8900,"Atl@Mia 07:10PM ET",13.579,"Mia"
"SP","Taijuan Walker",8900,"Sea@Det 07:10PM ET",14.975,"Sea"
"SP","Nick Tropeano",8900,"LAA@Hou 08:10PM ET",15.230,"LAA"
"SP","Joe Ross",8900,"Was@LAD 10:10PM ET",13.647,"Was"
"SP","Tanner Roark",8800,"Was@LAD 10:10PM ET",17.450,"Was"
"SP","Chris Sale",8700,"CWS@Bos 07:10PM ET",23.907,"CWS"
"SP","Jason Hammel",8600,"StL@ChC 08:05PM ET",15.857,"ChC"
"SP","Edinson Volquez",8600,"KC@NYM 07:10PM ET",14.670,"KC"
"SP","Sean O'Sullivan",8500,"CWS@Bos 07:10PM ET",3.633,"Bos"
"SP","Zack Wheeler",8500,"KC@NYM 07:10PM ET",0,"NYM"
"SP","Daniel Mengden",8500,"Mil@Oak 10:05PM ET",17.700,"Oak"
"SP","Bartolo Colon",8400,"KC@NYM 07:10PM ET",14.664,"NYM"
"SP","Gio Gonzalez",8400,"Was@LAD 10:10PM ET",15.543,"Was"
"SP","Drew Pomeranz",8400,"SD@Bal 07:05PM ET",20.518,"SD"
"SP","Tyson Ross",8400,"SD@Bal 07:05PM ET",0.800,"SD"
"SP","Alex Wood",8400,"Was@LAD 10:10PM ET",14.414,"LAD"
"SP","J.A. Happ",8300,"Ari@Tor 07:07PM ET",15.582,"Tor"
"SP","Homer Bailey",8300,"Cin@Tex 08:05PM ET",0,"Cin"
"SP","Yordano Ventura",8300,"KC@NYM 07:10PM ET",12.207,"KC"
"SP","Vince Velasquez",8300,"Phi@Min 08:10PM ET",17.696,"Phi"
"SP","Hisashi Iwakuma",8300,"Sea@Det 07:10PM ET",14.789,"Sea"
"SP","Lance McCullers",8300,"LAA@Hou 08:10PM ET",17.707,"Hou"
"SP","Chris Archer",8200,"TB@Cle 07:10PM ET",16.873,"TB"
"SP","Robbie Ray",8200,"Ari@Tor 07:07PM ET",14.911,"Ari"
"SP","CC Sabathia",8100,"Col@NYY 07:05PM ET",17.764,"NYY"
"SP","James Paxton",8100,"Sea@Det 07:10PM ET",19.275,"Sea"
"SP","Jose Berrios",8100,"Phi@Min 08:10PM ET",5.988,"Min"
"SP","Doug Fister",8000,"LAA@Hou 08:10PM ET",14.569,"Hou"
"SP","Lucas Giolito",8000,"Was@LAD 10:10PM ET",0,"Was"
"SP","Raisel Iglesias",8000,"Cin@Tex 08:05PM ET",15.830,"Cin"
"SP","Charlie Morton",7900,"Phi@Min 08:10PM ET",12.800,"Phi"
"SP","Tim Lincecum",7900,"LAA@Hou 08:10PM ET",15.300,"LAA"
"SP","Jordan Zimmermann",7900,"Sea@Det 07:10PM ET",16.623,"Det"
"SP","Henry Owens",7900,"CWS@Bos 07:10PM ET",5.183,"Bos"
"SP","Sean Manaea",7800,"Mil@Oak 10:05PM ET",9.911,"Oak"
"SP","Alex Reyes",7800,"StL@ChC 08:05PM ET",0,"StL"
"SP","Ian Kennedy",7700,"KC@NYM 07:10PM ET",15.765,"KC"
"SP","Mark Appel",7700,"Phi@Min 08:10PM ET",0,"Phi"
"SP","Jose Quintana",7700,"CWS@Bos 07:10PM ET",20.468,"CWS"
"RP","Jorge Lopez",7700,"Mil@Oak 10:05PM ET",0,"Mil"
"SP","Ricky Nolasco",7600,"Phi@Min 08:10PM ET",13.554,"Min"
"SP","Mike Minor",7600,"KC@NYM 07:10PM ET",0,"KC"
"SP","Alex Cobb",7500,"TB@Cle 07:10PM ET",0,"TB"
"SP","Nathan Karns",7500,"Sea@Det 07:10PM ET",15.781,"Sea"
"SP","Danny Duffy",7500,"KC@NYM 07:10PM ET",7.865,"KC"
"SP","Masahiro Tanaka",7500,"Col@NYY 07:05PM ET",17.393,"NYY"
"SP","Brandon Morrow",7400,"SD@Bal 07:05PM ET",0,"SD"
"SP","Jake Odorizzi",7400,"TB@Cle 07:10PM ET",15.850,"TB"
"SP","Anthony DeSclafani",7400,"Cin@Tex 08:05PM ET",5.450,"Cin"
"SP","Rubby De La Rosa",7400,"Ari@Tor 07:07PM ET",12.895,"Ari"
"SP","Adam Wainwright",7300,"StL@ChC 08:05PM ET",11.567,"StL"
"SP","Brett Anderson",7300,"Was@LAD 10:10PM ET",0,"LAD"
"SP","Matt Harvey",7300,"KC@NYM 07:10PM ET",12.564,"NYM"
"SP","Tyler Chatwood",7300,"Col@NYY 07:05PM ET",14.754,"Col"
"SP","Dallas Keuchel",7300,"LAA@Hou 08:10PM ET",13.813,"Hou"
"SP","Tommy Milone",7200,"Phi@Min 08:10PM ET",8.140,"Min"
"SP","Patrick Corbin",7200,"Ari@Tor 07:07PM ET",10.816,"Ari"
"SP","A.J. Griffin",7200,"Cin@Tex 08:05PM ET",16.492,"Tex"
"SP","Kendry Flores",7200,"Atl@Mia 07:10PM ET",6.350,"Mia"
"SP","Tyler Anderson",7200,"Col@NYY 07:05PM ET",17.200,"Col"
"SP","Archie Bradley",7200,"Ari@Tor 07:07PM ET",16.550,"Ari"
"SP","Tyler Glasnow",7200,"SF@Pit 07:05PM ET",0,"Pit"
"SP","Jimmy Nelson",7100,"Mil@Oak 10:05PM ET",14.104,"Mil"
"SP","Adam Conley",7000,"Atl@Mia 07:10PM ET",13.736,"Mia"
"SP","Scott Kazmir",6900,"Was@LAD 10:10PM ET",15.511,"LAD"
"SP","Michael Pineda",6900,"Col@NYY 07:05PM ET",13.614,"NYY"
"SP","Gerrit Cole",6900,"SF@Pit 07:05PM ET",15.546,"Pit"
"SP","Andrew Heaney",6900,"LAA@Hou 08:10PM ET",15.300,"LAA"
"SP","Brandon McCarthy",6800,"Was@LAD 10:10PM ET",0,"LAD"
"SP","Drew Hutchison",6800,"Ari@Tor 07:07PM ET",18.550,"Tor"
"SP","Jameson Taillon",6800,"SF@Pit 07:05PM ET",14.633,"Pit"
"SP","Eduardo Rodriguez",6800,"CWS@Bos 07:10PM ET",5.675,"Bos"
"SP","Tim Cooney",6800,"StL@ChC 08:05PM ET",0,"StL"
"SP","Mike Leake",6700,"StL@ChC 08:05PM ET",13.689,"StL"
"SP","Matt Moore",6700,"TB@Cle 07:10PM ET",13.800,"TB"
"SP","Drew Smyly",6700,"TB@Cle 07:10PM ET",17.104,"TB"
"SP","Blake Snell",6700,"TB@Cle 07:10PM ET",12.175,"TB"
"SP","Sonny Gray",6600,"Mil@Oak 10:05PM ET",10.450,"Oak"
"SP","Dan Straily",6600,"Cin@Tex 08:05PM ET",13.840,"Cin"
"SP","Clayton Blackburn",6600,"SF@Pit 07:05PM ET",0,"SF"
"SP","Michael Wacha",6600,"StL@ChC 08:05PM ET",12.804,"StL"
"SP","Julio Urias",6600,"Was@LAD 10:10PM ET",13.140,"LAD"
"SP","Jake Peavy",6500,"SF@Pit 07:05PM ET",10.082,"SF"
"SP","Albert Suarez",6500,"SF@Pit 07:05PM ET",7.228,"SF"
"SP","Matt Andriese",6500,"TB@Cle 07:10PM ET",15.861,"TB"
"SP","Tyler Duffey",6500,"Phi@Min 08:10PM ET",11.010,"Min"
"SP","Kris Medlen",6400,"KC@NYM 07:10PM ET",3.792,"KC"
"SP","Taylor Jungmann",6400,"Mil@Oak 10:05PM ET",0.940,"Mil"
"SP","Nate Smith",6400,"LAA@Hou 08:10PM ET",0,"LAA"
"SP","Jose De Leon",6400,"Was@LAD 10:10PM ET",0,"LAD"
"SP","Jeremy Hellickson",6300,"Phi@Min 08:10PM ET",14.564,"Phi"
"SP","Kevin Gausman",6300,"SD@Bal 07:05PM ET",13.395,"Bal"
"RP","Jharel Cotton",6300,"Was@LAD 10:10PM ET",0,"LAD"
"SP","Lucas Sims",6300,"Atl@Mia 07:10PM ET",0,"Atl"
"SP","R.A. Dickey",6200,"Ari@Tor 07:07PM ET",11.378,"Tor"
"SP","Matt Garza",6200,"Mil@Oak 10:05PM ET",12.750,"Mil"
"SP","Collin McHugh",6200,"LAA@Hou 08:10PM ET",13.536,"Hou"
"SP","Mike Fiers",6200,"LAA@Hou 08:10PM ET",11.921,"Hou"
"RP","Ryan Merritt",6200,"TB@Cle 07:10PM ET",13.150,"Cle"
"SP","Jered Weaver",6100,"LAA@Hou 08:10PM ET",10.264,"LAA"
"SP","Robbie Erlin",6100,"SD@Bal 07:05PM ET",14.083,"SD"
"SP","Daniel Norris",6100,"Sea@Det 07:10PM ET",1.650,"Det"
"SP","Robert Stephenson",6100,"Cin@Tex 08:05PM ET",13.300,"Cin"
"SP","Jorge De La Rosa",6000,"Col@NYY 07:05PM ET",7.290,"Col"
"SP","Junior Guerra",6000,"Mil@Oak 10:05PM ET",15.472,"Mil"
"SP","Chris Young",5900,"KC@NYM 07:10PM ET",10.142,"KC"
"SP","Yovani Gallardo",5900,"SD@Bal 07:05PM ET",6.470,"Bal"
"SP","Hector Santiago",5900,"LAA@Hou 08:10PM ET",11.404,"LAA"
"SP","Wade Miley",5900,"Sea@Det 07:10PM ET",12.515,"Sea"
"RP","A.J. Cole",5900,"Was@LAD 10:10PM ET",0,"Was"
"SP","Erik Johnson",5900,"SD@Bal 07:05PM ET",5.063,"SD"
"SP","Carlos Rodon",5900,"CWS@Bos 07:10PM ET",14.404,"CWS"
"SP","Cody Reed",5900,"Cin@Tex 08:05PM ET",20.350,"Cin"
"SP","Tyler Cloyd",5800,"Col@NYY 07:05PM ET",0,"NYY"
"SP","Marcus Stroman",5800,"Ari@Tor 07:07PM ET",12.077,"Tor"
"SP","Brandon Finnegan",5800,"Cin@Tex 08:05PM ET",10.765,"Cin"
"SP","Hyun-Jin Ryu",5800,"Was@LAD 10:10PM ET",0,"LAD"
"SP","Ervin Santana",5700,"Phi@Min 08:10PM ET",10.546,"Min"
"SP","Kyle Gibson",5700,"Phi@Min 08:10PM ET",5.183,"Min"
"SP","Francisco Liriano",5600,"SF@Pit 07:05PM ET",12.371,"Pit"
"SP","Kyle Kendrick",5600,"LAA@Hou 08:10PM ET",0,"LAA"
"3B","Josh Donaldson",5600,"Ari@Tor 07:07PM ET",10.314,"Tor"
"SP","Jhoulys Chacin",5600,"LAA@Hou 08:10PM ET",11.871,"LAA"
"SP","Juan Nicasio",5600,"SF@Pit 07:05PM ET",11.762,"Pit"
"SP","Brian Johnson",5600,"CWS@Bos 07:10PM ET",0,"Bos"
"SP","Mike Foltynewicz",5600,"Atl@Mia 07:10PM ET",14.433,"Atl"
"RP","Tyler Wagner",5600,"Ari@Tor 07:07PM ET",9.967,"Ari"
"SP","C.J. Wilson",5500,"LAA@Hou 08:10PM ET",0,"LAA"
"SP","Jaime Garcia",5500,"StL@ChC 08:05PM ET",14.573,"StL"
"1B","Wil Myers",5500,"SD@Bal 07:05PM ET",9.300,"SD"
"SP","Chase Anderson",5500,"Mil@Oak 10:05PM ET",11.354,"Mil"
"SP","Mike Bolsinger",5500,"Was@LAD 10:10PM ET",7.975,"LAD"
"SP","Jesse Hahn",5500,"Mil@Oak 10:05PM ET",4.486,"Oak"
"3B/SS","Manny Machado",5500,"SD@Bal 07:05PM ET",10.015,"Bal"
"SP","Pat Dean",5500,"Phi@Min 08:10PM ET",7.744,"Min"
"SP","Adam Morgan",5500,"Phi@Min 08:10PM ET",8.670,"Phi"
"RP","Edwin Diaz",5500,"Sea@Det 07:10PM ET",4.675,"Sea"
"1B","Chris Davis",5400,"SD@Bal 07:05PM ET",8.612,"Bal"
"2B","Jose Altuve",5400,"LAA@Hou 08:10PM ET",10.629,"Hou"
"SP","Joe Kelly",5400,"CWS@Bos 07:10PM ET",6.508,"Bos"
"SP","Mike Clevinger",5400,"TB@Cle 07:10PM ET",5.483,"Cle"
"1B","Edwin Encarnacion",5300,"Ari@Tor 07:07PM ET",9.225,"Tor"
"SP","Henderson Alvarez",5300,"Mil@Oak 10:05PM ET",0,"Oak"
"SP","Tyler Wilson",5300,"SD@Bal 07:05PM ET",9.596,"Bal"
"SS","Xander Bogaerts",5300,"CWS@Bos 07:10PM ET",10.493,"Bos"
"RP","Joe Musgrove",5300,"LAA@Hou 08:10PM ET",0,"Hou"
"SP","Kendall Graveman",5300,"Mil@Oak 10:05PM ET",9.612,"Oak"
"SP","Luis Severino",5300,"Col@NYY 07:05PM ET",5.536,"NYY"
"2B","Ian Kinsler",5200,"Sea@Det 07:10PM ET",9.956,"Det"
"SP","Ivan Nova",5200,"Col@NYY 07:05PM ET",9.139,"NYY"
"1B","Anthony Rizzo",5200,"StL@ChC 08:05PM ET",9.672,"ChC"
"2B","Jonathan Schoop",5200,"SD@Bal 07:05PM ET",7.309,"Bal"
"SP","Jarred Cosart",5200,"Atl@Mia 07:10PM ET",1.467,"Mia"
"SP","Braden Shipley",5200,"Ari@Tor 07:07PM ET",0,"Ari"
"OF","Adam Jones",5100,"SD@Bal 07:05PM ET",7.750,"Bal"
"1B","Brandon Belt",5100,"SF@Pit 07:05PM ET",8.328,"SF"
"SP","Martin Perez",5100,"Cin@Tex 08:05PM ET",11.280,"Tex"
"SP","Tyler Cravy",5100,"Mil@Oak 10:05PM ET",2.692,"Mil"
"RP","Frankie Montas",5100,"Was@LAD 10:10PM ET",0,"LAD"
"SP","Sean Newcomb",5100,"Atl@Mia 07:10PM ET",0,"Atl"
"OF","Carlos Beltran",5000,"Col@NYY 07:05PM ET",8.424,"NYY"
"SP","Matt Cain",5000,"SF@Pit 07:05PM ET",8.509,"SF"
"OF","Melvin Upton Jr.",5000,"SD@Bal 07:05PM ET",7.486,"SD"
"SP","Derek Holland",5000,"Cin@Tex 08:05PM ET",9.073,"Tex"
"SP","Dillon Gee",5000,"KC@NYM 07:10PM ET",7.723,"KC"
"SP","Chad Bettis",5000,"Col@NYY 07:05PM ET",10.246,"Col"
"SP","Jordan Lyles",5000,"Col@NYY 07:05PM ET",1.840,"Col"
"RP","David Rollins",5000,"Sea@Det 07:10PM ET",1.800,"Sea"
"SP","Cesar Vargas",5000,"SD@Bal 07:05PM ET",8.614,"SD"
"SP","Chad Green",5000,"Col@NYY 07:05PM ET",4.925,"NYY"
"2B","Joe Panik",5000,"SF@Pit 07:05PM ET",7.841,"SF"
"SP","Matt Wisler",5000,"Atl@Mia 07:10PM ET",12.868,"Atl"
"OF","Carlos Gonzalez",4900,"Col@NYY 07:05PM ET",9.123,"Col"
"SP","Clay Buchholz",4900,"CWS@Bos 07:10PM ET",6.953,"Bos"
"SP","Wei-Yin Chen",4900,"Atl@Mia 07:10PM ET",11.979,"Mia"
"SP","Brad Peacock",4900,"LAA@Hou 08:10PM ET",0,"Hou"
"RP","Chris Heston",4900,"SF@Pit 07:05PM ET",0.063,"SF"
"SP","Tyrell Jenkins",4900,"Atl@Mia 07:10PM ET",0,"Atl"
"OF","Adam Eaton",4900,"CWS@Bos 07:10PM ET",7.529,"CWS"
"OF","Mookie Betts",4900,"CWS@Bos 07:10PM ET",10.912,"Bos"
"SP","Roenis Elias",4900,"CWS@Bos 07:10PM ET",-5.425,"Bos"
"SP","Matt Boyd",4900,"Sea@Det 07:10PM ET",6.700,"Det"
"1B","Miguel Cabrera",4800,"Sea@Det 07:10PM ET",8.754,"Det"
"SP","Anibal Sanchez",4800,"Sea@Det 07:10PM ET",7.175,"Det"
"OF","Michael Saunders",4800,"Ari@Tor 07:07PM ET",8.825,"Tor"
"SP","Andrew Cashner",4800,"SD@Bal 07:05PM ET",8.968,"SD"
"C","Buster Posey",4800,"SF@Pit 07:05PM ET",7.742,"SF"
"SP","John Lamb",4800,"Cin@Tex 08:05PM ET",8.522,"Cin"
"1B","Jose Abreu",4800,"CWS@Bos 07:10PM ET",7.471,"CWS"
"3B","Matt Carpenter",4800,"StL@ChC 08:05PM ET",9.667,"StL"
"3B/OF","Kris Bryant",4800,"StL@ChC 08:05PM ET",9.800,"ChC"
"OF","Ian Desmond",4700,"Cin@Tex 08:05PM ET",9.696,"Tex"
"SP","Jonathon Niese",4700,"SF@Pit 07:05PM ET",11.023,"Pit"
"SP","Chris Rusin",4700,"Col@NYY 07:05PM ET",9.500,"Col"
"OF","Mike Trout",4700,"LAA@Hou 08:10PM ET",9.942,"LAA"
"OF","Marcell Ozuna",4700,"Atl@Mia 07:10PM ET",8.691,"Mia"
"OF","Christian Yelich",4700,"Atl@Mia 07:10PM ET",8.062,"Mia"
"RP","Cody Martin",4700,"Sea@Det 07:10PM ET",5.700,"Sea"
"SP","Colin Rea",4700,"SD@Bal 07:05PM ET",9.003,"SD"
"OF","Hunter Pence",4600,"SF@Pit 07:05PM ET",8.078,"SF"
"SP","Shelby Miller",4600,"Ari@Tor 07:07PM ET",3.923,"Ari"
"3B","Nolan Arenado",4600,"Col@NYY 07:05PM ET",10.104,"Col"
"OF","Starling Marte",4600,"SF@Pit 07:05PM ET",9.524,"Pit"
"OF","George Springer",4600,"LAA@Hou 08:10PM ET",9.071,"Hou"
"SP","Chris Devenski",4600,"LAA@Hou 08:10PM ET",8.738,"Hou"
"RP","Brett Oberholtzer",4500,"Phi@Min 08:10PM ET",4.059,"Phi"
"SS","Jonathan Villar",4500,"Mil@Oak 10:05PM ET",9.309,"Mil"
"3B","Nick Castellanos",4500,"Sea@Det 07:10PM ET",8.106,"Det"
"OF","Adam Duvall",4500,"Cin@Tex 08:05PM ET",8.585,"Cin"
"RP","Dylan Bundy",4500,"SD@Bal 07:05PM ET",2.519,"Bal"
"2B","Rougned Odor",4500,"Cin@Tex 08:05PM ET",8.742,"Tex"
"SP","John Gant",4500,"Atl@Mia 07:10PM ET",6.800,"Atl"
"OF","Rajai Davis",4400,"TB@Cle 07:10PM ET",8.306,"Cle"
"OF","Matt Kemp",4400,"SD@Bal 07:05PM ET",7.614,"SD"
"OF","Jay Bruce",4400,"Cin@Tex 08:05PM ET",9.200,"Cin"
"SP","Bud Norris",4400,"Atl@Mia 07:10PM ET",5.875,"Atl"
"RP","Tyler Lyons",4400,"StL@ChC 08:05PM ET",4.483,"StL"
"SP","Shane Greene",4400,"Sea@Det 07:10PM ET",4.500,"Det"
"OF","Bryce Harper",4400,"Was@LAD 10:10PM ET",8.955,"Was"
"RP","Michael Feliz",4400,"LAA@Hou 08:10PM ET",7.300,"Hou"
"SP","Mike Wright",4400,"SD@Bal 07:05PM ET",7.669,"Bal"
"SP","Jon Moscot",4400,"Cin@Tex 08:05PM ET",1.560,"Cin"
"RP","Rafael Montero",4400,"KC@NYM 07:10PM ET",0.825,"NYM"
"1B","David Ortiz",4300,"CWS@Bos 07:10PM ET",10.857,"Bos"
"OF","Jayson Werth",4300,"Was@LAD 10:10PM ET",7.419,"Was"
"1B","Mike Napoli",4300,"TB@Cle 07:10PM ET",8.603,"Cle"
"2B","Robinson Cano",4300,"Sea@Det 07:10PM ET",9.884,"Sea"
"OF","Curtis Granderson",4300,"KC@NYM 07:10PM ET",7.348,"NYM"
"RP","Jesse Chavez",4300,"Ari@Tor 07:07PM ET",3.062,"Tor"
"SP","Nathan Eovaldi",4300,"Col@NYY 07:05PM ET",13.536,"NYY"
"SP","Kyle Zimmer",4300,"KC@NYM 07:10PM ET",0,"KC"
"OF","Yoenis Cespedes",4300,"KC@NYM 07:10PM ET",8.656,"NYM"
"SP","Ryan Vogelsong",4200,"SF@Pit 07:05PM ET",3.913,"Pit"
"1B/OF","Brandon Moss",4200,"StL@ChC 08:05PM ET",7.049,"StL"
"2B","Ben Zobrist",4200,"StL@ChC 08:05PM ET",9.206,"ChC"
"OF","Mark Trumbo",4200,"SD@Bal 07:05PM ET",9.074,"Bal"
"SP","Miguel Gonzalez",4200,"CWS@Bos 07:10PM ET",9.872,"CWS"
"3B/SS","Eduardo Nunez",4200,"Phi@Min 08:10PM ET",8.933,"Min"
"OF","Khris Davis",4200,"Mil@Oak 10:05PM ET",7.619,"Oak"
"C","Matt Wieters",4200,"SD@Bal 07:05PM ET",7.042,"Bal"
"SP","Vance Worley",4200,"SD@Bal 07:05PM ET",6.312,"Bal"
"SP","Wilfredo Boscan",4200,"SF@Pit 07:05PM ET",5.470,"Pit"
"1B","Paul Goldschmidt",4200,"Ari@Tor 07:07PM ET",9.743,"Ari"
"OF","J.D. Martinez",4200,"Sea@Det 07:10PM ET",8.662,"Det"
"SP","Aaron Blair",4200,"Atl@Mia 07:10PM ET",3.505,"Atl"
"SP","Alec Asher",4200,"Phi@Min 08:10PM ET",0,"Phi"
"SP","Tim Adleman",4200,"Cin@Tex 08:05PM ET",11.675,"Cin"
"SP","Chris Bassitt",4200,"Mil@Oak 10:05PM ET",8.320,"Oak"
"1B","Victor Martinez",4100,"Sea@Det 07:10PM ET",7.552,"Det"
"OF","Jose Bautista",4100,"Ari@Tor 07:07PM ET",8.431,"Tor"
"SP","Gavin Floyd",4100,"Ari@Tor 07:07PM ET",3.267,"Tor"
"3B","Martin Prado",4100,"Atl@Mia 07:10PM ET",6.892,"Mia"
"OF","Ryan Braun",4100,"Mil@Oak 10:05PM ET",8.915,"Mil"
"OF","Jon Jay",4100,"SD@Bal 07:05PM ET",6.882,"SD"
"OF","Josh Reddick",4100,"Mil@Oak 10:05PM ET",7.854,"Oak"
"1B","Pedro Alvarez",4100,"SD@Bal 07:05PM ET",5.646,"Bal"
"OF","Charlie Blackmon",4100,"Col@NYY 07:05PM ET",8.618,"Col"
"2B","DJ LeMahieu",4100,"Col@NYY 07:05PM ET",8.222,"Col"
"SP","Eddie Butler",4100,"Col@NYY 07:05PM ET",6.730,"Col"
"OF","Jackie Bradley Jr.",4100,"CWS@Bos 07:10PM ET",9.500,"Bos"
"SP","Cody Anderson",4100,"TB@Cle 07:10PM ET",6.478,"Cle"
"SS","Francisco Lindor",4100,"TB@Cle 07:10PM ET",8.731,"Cle"
"SS","Trevor Story",4100,"Col@NYY 07:05PM ET",9.431,"Col"
"SP","Ross Stripling",4100,"Was@LAD 10:10PM ET",10.550,"LAD"
"RP","Chris Stratton",4100,"SF@Pit 07:05PM ET",4.563,"SF"
"RP","Joe Nathan",4000,"StL@ChC 08:05PM ET",0,"ChC"
"RP","Buddy Carlyle",4000,"KC@NYM 07:10PM ET",0,"NYM"
"SP","Johan Santana",4000,"Ari@Tor 07:07PM ET",0,"Tor"
"RP","Jason Grilli",4000,"Ari@Tor 07:07PM ET",2.679,"Tor"
"SP","Jason Marquis",4000,"Cin@Tex 08:05PM ET",0,"Cin"
"SP","Bronson Arroyo",4000,"Was@LAD 10:10PM ET",0,"Was"
"SP","Kyle Lohse",4000,"Cin@Tex 08:05PM ET",0,"Tex"
"RP","Joaquin Benoit",4000,"Sea@Det 07:10PM ET",2.412,"Sea"
"SP","Josh Beckett",4000,"Was@LAD 10:10PM ET",0,"LAD"
"RP","Rafael Soriano",4000,"Ari@Tor 07:07PM ET",0,"Tor"
"RP","Fernando Rodney",4000,"SD@Bal 07:05PM ET",3.888,"SD"
"RP","Oliver Perez",4000,"Was@LAD 10:10PM ET",1.879,"Was"
"SP","Cliff Lee",4000,"Phi@Min 08:10PM ET",0,"Phi"
"RP","Francisco Rodriguez",4000,"Sea@Det 07:10PM ET",2.456,"Det"
"SP","Jeremy Guthrie",4000,"Cin@Tex 08:05PM ET",0,"Tex"
"RP","Ryan Madson",4000,"Mil@Oak 10:05PM ET",2.690,"Oak"
"RP","Sean Burnett",4000,"LAA@Hou 08:10PM ET",0,"LAA"
"RP","Javier Lopez",4000,"SF@Pit 07:05PM ET",0.480,"SF"
"RP","Chris Capuano",4000,"Mil@Oak 10:05PM ET",4.163,"Mil"
"RP","Adam Loewen",4000,"Ari@Tor 07:07PM ET",0,"Ari"
"RP","Scott Rice",4000,"KC@NYM 07:10PM ET",0,"NYM"
"RP","Jason Frasor",4000,"Atl@Mia 07:10PM ET",0,"Atl"
"RP","Blaine Boyer",4000,"Mil@Oak 10:05PM ET",1.834,"Mil"
"RP","Chien-Ming Wang",4000,"KC@NYM 07:10PM ET",3.234,"KC"
"RP","Joel Hanrahan",4000,"Sea@Det 07:10PM ET",0,"Det"
"RP","Dustin McGowan",4000,"Atl@Mia 07:10PM ET",3.763,"Mia"
"RP","Chad Qualls",4000,"Col@NYY 07:05PM ET",1.221,"Col"
"RP","Santiago Casilla",4000,"SF@Pit 07:05PM ET",3.405,"SF"
"SP","James Shields",4000,"CWS@Bos 07:10PM ET",8.500,"CWS"
"SP","Alfredo Simon",4000,"Cin@Tex 08:05PM ET",1.631,"Cin"
"RP","Brandon League",4000,"Was@LAD 10:10PM ET",0,"LAD"
"RP","Jim Johnson",4000,"Atl@Mia 07:10PM ET",2.165,"Atl"
"RP","Joe Blanton",4000,"Was@LAD 10:10PM ET",4.197,"LAD"
"RP","Kevin Jepsen",4000,"Phi@Min 08:10PM ET",1.653,"Min"
"RP","Matt Albers",4000,"CWS@Bos 07:10PM ET",1.881,"CWS"
"RP","Zach Duke",4000,"CWS@Bos 07:10PM ET",1.762,"CWS"
"RP","Sergio Santos",4000,"Col@NYY 07:05PM ET",0,"NYY"
"RP","Jonathan Broxton",4000,"StL@ChC 08:05PM ET",2.388,"StL"
"SP","Ubaldo Jimenez",4000,"SD@Bal 07:05PM ET",6.218,"Bal"
"RP","Jesse Crain",4000,"CWS@Bos 07:10PM ET",0,"CWS"
"RP","Pat Neshek",4000,"LAA@Hou 08:10PM ET",2.541,"Hou"
"RP","Carlos Villanueva",4000,"SD@Bal 07:05PM ET",3.907,"SD"
"SP","Josh Johnson",4000,"SD@Bal 07:05PM ET",0,"SD"
"RP","Joakim Soria",4000,"KC@NYM 07:10PM ET",3.071,"KC"
"RP","Tom Wilhelmsen",4000,"Cin@Tex 08:05PM ET",-0.067,"Tex"
"RP","Dana Eveland",4000,"TB@Cle 07:10PM ET",1.043,"TB"
"RP","Peter Moylan",4000,"KC@NYM 07:10PM ET",4.232,"KC"
"RP","Matt Belisle",4000,"Was@LAD 10:10PM ET",1.950,"Was"
"RP","Chin-Hui Tsao",4000,"Was@LAD 10:10PM ET",-0.325,"LAD"
"RP","Sean Marshall",4000,"Cin@Tex 08:05PM ET",0,"Cin"
"RP","Jason Motte",4000,"Col@NYY 07:05PM ET",2.200,"Col"
"RP","Jonathan Papelbon",4000,"Was@LAD 10:10PM ET",2.388,"Was"
"RP","Jim Henderson",4000,"KC@NYM 07:10PM ET",2.452,"NYM"
"RP","Brad Ziegler",4000,"Ari@Tor 07:07PM ET",2.320,"Ari"
"RP","Tom Gorzelanny",4000,"TB@Cle 07:10PM ET",2.975,"Cle"
"RP","Logan Kensing",4000,"Sea@Det 07:10PM ET",1.500,"Det"
"SP","James McDonald",4000,"StL@ChC 08:05PM ET",0,"ChC"
"RP","Phil Coke",4000,"Col@NYY 07:05PM ET",0.100,"NYY"
"SP","Scott Feldman",4000,"LAA@Hou 08:10PM ET",5.819,"Hou"
"RP","Matt Thornton",4000,"SD@Bal 07:05PM ET",1.864,"SD"
"SP","Chad Billingsley",4000,"Phi@Min 08:10PM ET",0,"Phi"
"SP","Matt Harrison",4000,"Phi@Min 08:10PM ET",0,"Phi"
"RP","Darin Downs",4000,"LAA@Hou 08:10PM ET",0,"Hou"
"RP","Eric O'Flaherty",4000,"Atl@Mia 07:10PM ET",1.167,"Atl"
"RP","Tyler Clippard",4000,"Ari@Tor 07:07PM ET",3.065,"Ari"
"RP","Pedro Strop",4000,"StL@ChC 08:05PM ET",3.581,"ChC"
"SP","Felipe Paulino",4000,"CWS@Bos 07:10PM ET",0,"Bos"
"RP","Edward Mujica",4000,"Phi@Min 08:10PM ET",0,"Phi"
"RP","Yusmeiro Petit",4000,"Was@LAD 10:10PM ET",5.235,"Was"
"RP","Boone Logan",4000,"Col@NYY 07:05PM ET",2.927,"Col"
"RP","Alexi Ogando",4000,"Atl@Mia 07:10PM ET",2.294,"Atl"
"RP","Aaron Laffey",4000,"Was@LAD 10:10PM ET",0,"Was"
"RP","Fernando Rodriguez",4000,"Mil@Oak 10:05PM ET",3.734,"Oak"
"SP","John Danks",4000,"CWS@Bos 07:10PM ET",5.713,"CWS"
"RP","Matt Bush",4000,"Cin@Tex 08:05PM ET",3.772,"Tex"
"RP","Jake McGee",4000,"Col@NYY 07:05PM ET",1.406,"Col"
"RP","Carlos Torres",4000,"Mil@Oak 10:05PM ET",2.917,"Mil"
"RP","Jerry Blevins",4000,"KC@NYM 07:10PM ET",2.298,"NYM"
"RP","Anthony Swarzak",4000,"Col@NYY 07:05PM ET",4.530,"NYY"
"RP","Brandon Kintzler",4000,"Phi@Min 08:10PM ET",2.139,"Min"
"RP","Ryan Webb",4000,"TB@Cle 07:10PM ET",1.750,"TB"
"RP","Mark Lowe",4000,"Sea@Det 07:10PM ET",0.417,"Det"
"RP","Glen Perkins",4000,"Phi@Min 08:10PM ET",1.450,"Min"
"SP","Phil Hughes",4000,"Phi@Min 08:10PM ET",6.321,"Min"
"RP","Wade Davis",4000,"KC@NYM 07:10PM ET",3.446,"KC"
"RP","Javy Guerra",4000,"LAA@Hou 08:10PM ET",0.921,"LAA"
"RP","Franklin Morales",4000,"Ari@Tor 07:07PM ET",0.750,"Tor"
"RP","J.P. Howell",4000,"Was@LAD 10:10PM ET",1.485,"LAD"
"RP","Jonny Venters",4000,"Atl@Mia 07:10PM ET",0,"Atl"
"RP","Samuel Deduno",4000,"SD@Bal 07:05PM ET",0,"Bal"
"RP","Ross Ohlendorf",4000,"Cin@Tex 08:05PM ET",3.182,"Cin"
"SP","Jason Vargas",4000,"KC@NYM 07:10PM ET",0,"KC"
"RP","Huston Street",4000,"LAA@Hou 08:10PM ET",2.164,"LAA"
"RP","Tony Sipp",4000,"LAA@Hou 08:10PM ET",2.216,"Hou"
"RP","Xavier Cedeno",4000,"TB@Cle 07:10PM ET",2.657,"TB"
"RP","Mike Dunn",4000,"Atl@Mia 07:10PM ET",2.431,"Mia"
"RP","Zach Phillips",4000,"SD@Bal 07:05PM ET",0,"Bal"
"SP","Cesar Ramos",4000,"Cin@Tex 08:05PM ET",5.944,"Tex"
"RP","Travis Wood",4000,"StL@ChC 08:05PM ET",2.316,"ChC"
"OF","Brett Gardner",4000,"Col@NYY 07:05PM ET",7.031,"NYY"
"RP","Michael Kirkman",4000,"Mil@Oak 10:05PM ET",-3.775,"Mil"
"RP","Clayton Richard",4000,"StL@ChC 08:05PM ET",0.127,"ChC"
"RP","Bobby Parnell",4000,"Sea@Det 07:10PM ET",0.863,"Det"
"RP","Josh Outman",4000,"Atl@Mia 07:10PM ET",0,"Atl"
"RP","Craig Stammen",4000,"TB@Cle 07:10PM ET",0,"Cle"
"SP","Steve Johnson",4000,"Sea@Det 07:10PM ET",2.819,"Sea"
"RP","Sergio Romo",4000,"SF@Pit 07:05PM ET",1.575,"SF"
"RP","Brian Duensing",4000,"SD@Bal 07:05PM ET",0.914,"Bal"
"RP","Chaz Roe",4000,"SD@Bal 07:05PM ET",0,"Bal"
"RP","Michael Broadway",4000,"SF@Pit 07:05PM ET",0.000,"SF"
"RP","David Hernandez",4000,"Phi@Min 08:10PM ET",3.428,"Phi"
"RP","Kenley Jansen",4000,"Was@LAD 10:10PM ET",3.972,"LAD"
"1B","Carlos Santana",4000,"TB@Cle 07:10PM ET",7.925,"Cle"
"RP","Trevor Bell",4000,"Cin@Tex 08:05PM ET",0,"Cin"
"RP","Anthony Varvaro",4000,"CWS@Bos 07:10PM ET",0,"Bos"
"SP","Mike Pelfrey",4000,"Sea@Det 07:10PM ET",6.469,"Det"
"RP","Seung Hwan Oh",4000,"StL@ChC 08:05PM ET",4.424,"StL"
"SP","Wily Peralta",4000,"Mil@Oak 10:05PM ET",5.715,"Mil"
"RP","Deolis Guerra",4000,"LAA@Hou 08:10PM ET",5.683,"LAA"
"RP","Luke Hochevar",4000,"KC@NYM 07:10PM ET",3.132,"KC"
"RP","Andrew Miller",4000,"Col@NYY 07:05PM ET",5.916,"NYY"
"RP","Jeremy Jeffress",4000,"Mil@Oak 10:05PM ET",2.311,"Mil"
"RP","Kyle Drabek",4000,"Ari@Tor 07:07PM ET",3.500,"Ari"
"1B/OF","Chris Parmelee",4000,"Col@NYY 07:05PM ET",7.333,"NYY"
"RP","Ryan Buchter",4000,"SD@Bal 07:05PM ET",4.017,"SD"
"RP","Darren O'Day",4000,"SD@Bal 07:05PM ET",3.282,"Bal"
"RP","Bryan Morris",4000,"Atl@Mia 07:10PM ET",1.590,"Mia"
"RP","Adam Ottavino",4000,"Col@NYY 07:05PM ET",0,"Col"
"SP","Cory Rasmus",4000,"LAA@Hou 08:10PM ET",2.111,"LAA"
"SP","David Huff",4000,"LAA@Hou 08:10PM ET",-2.500,"LAA"
"RP","Joba Chamberlain",4000,"TB@Cle 07:10PM ET",3.126,"Cle"
"SP","Jeff Locke",4000,"SF@Pit 07:05PM ET",7.686,"Pit"
"RP","Wade LeBlanc",4000,"LAA@Hou 08:10PM ET",0,"LAA"
"RP","Trevor Cahill",4000,"StL@ChC 08:05PM ET",3.396,"ChC"
"RP","Blake Wood",4000,"Cin@Tex 08:05PM ET",3.288,"Cin"
"RP","Zach Britton",4000,"SD@Bal 07:05PM ET",4.330,"Bal"
"RP","Joe Smith",4000,"LAA@Hou 08:10PM ET",2.056,"LAA"
"RP","Zach McAllister",4000,"TB@Cle 07:10PM ET",2.673,"Cle"
"RP","Jared Hughes",4000,"SF@Pit 07:05PM ET",1.107,"Pit"
"RP","Nate Adcock",4000,"SD@Bal 07:05PM ET",0,"Bal"
"RP","Josh Ravin",4000,"Was@LAD 10:10PM ET",0,"LAD"
"RP","Chris Hatcher",4000,"Was@LAD 10:10PM ET",3.085,"LAD"
"RP","George Kontos",4000,"SF@Pit 07:05PM ET",1.996,"SF"
"RP","Andrew Bailey",4000,"Phi@Min 08:10PM ET",3.348,"Phi"
"RP","Dellin Betances",4000,"Col@NYY 07:05PM ET",4.782,"NYY"
"RP","Will Harris",4000,"LAA@Hou 08:10PM ET",3.769,"Hou"
"RP","Mark Melancon",4000,"SF@Pit 07:05PM ET",2.563,"Pit"
"RP","Tony Barnette",4000,"Cin@Tex 08:05PM ET",2.535,"Tex"
"SP","Mat Latos",4000,"CWS@Bos 07:10PM ET",9.850,"CWS"
"RP","Jordan Walden",4000,"StL@ChC 08:05PM ET",0,"StL"
"RP","David Carpenter",4000,"TB@Cle 07:10PM ET",0,"TB"
"RP","Angel Castro",4000,"Mil@Oak 10:05PM ET",0,"Oak"
"RP","Daniel McCutchen",4000,"SD@Bal 07:05PM ET",0,"SD"
"RP","Tony Watson",4000,"SF@Pit 07:05PM ET",2.729,"Pit"
"RP","Jeff Manship",4000,"TB@Cle 07:10PM ET",1.635,"Cle"
"RP","Jon Edwards",4000,"SD@Bal 07:05PM ET",0,"SD"
"RP","Casey Fien",4000,"Was@LAD 10:10PM ET",2.104,"LAD"
"RP","Matt Buschmann",4000,"Ari@Tor 07:07PM ET",3.983,"Ari"
"RP","Blake Parker",4000,"StL@ChC 08:05PM ET",0,"ChC"
"RP","Scott Carroll",4000,"CWS@Bos 07:10PM ET",0.283,"CWS"
"RP","David Robertson",4000,"CWS@Bos 07:10PM ET",2.850,"CWS"
"RP","Lucas Luetge",4000,"LAA@Hou 08:10PM ET",0,"LAA"
"RP","Sam Dyson",4000,"Cin@Tex 08:05PM ET",2.754,"Tex"
"3B","Danny Valencia",4000,"Mil@Oak 10:05PM ET",8.367,"Oak"
"RP","Brad Boxberger",4000,"TB@Cle 07:10PM ET",-4.900,"TB"
"RP","Cory Luebke",4000,"SF@Pit 07:05PM ET",0.367,"Pit"
"RP","Preston Claiborne",4000,"Atl@Mia 07:10PM ET",0,"Mia"
"RP","Luke Gregerson",4000,"LAA@Hou 08:10PM ET",2.980,"Hou"
"SP","Felix Doubront",4000,"Mil@Oak 10:05PM ET",0,"Oak"
"RP","Neftali Feliz",4000,"SF@Pit 07:05PM ET",2.640,"Pit"
"RP","Hector Rondon",4000,"StL@ChC 08:05PM ET",4.286,"ChC"
"RP","Miguel Socolovich",4000,"StL@ChC 08:05PM ET",0,"StL"
"RP","Antonio Bastardo",4000,"KC@NYM 07:10PM ET",2.557,"NYM"
"RP","Jeanmar Gomez",4000,"Phi@Min 08:10PM ET",2.718,"Phi"
"RP","Joel De La Cruz",4000,"Atl@Mia 07:10PM ET",0,"Atl"
"RP","Fernando Salas",4000,"LAA@Hou 08:10PM ET",2.713,"LAA"
"RP","John Axford",4000,"Mil@Oak 10:05PM ET",2.859,"Oak"
"RP","Ross Detwiler",4000,"TB@Cle 07:10PM ET",0.900,"Cle"
"SP","Jarrod Parker",4000,"Mil@Oak 10:05PM ET",0,"Oak"
"RP","Dan Otero",4000,"TB@Cle 07:10PM ET",3.906,"Cle"
"RP","Brett Cecil",4000,"Ari@Tor 07:07PM ET",1.041,"Tor"
"RP","Nick Hagadone",4000,"Mil@Oak 10:05PM ET",0,"Mil"
"RP","Nate Jones",4000,"CWS@Bos 07:10PM ET",2.902,"CWS"
"RP","Shawn Kelley",4000,"Was@LAD 10:10PM ET",3.626,"Was"
"C","Jonathan Lucroy",4000,"Mil@Oak 10:05PM ET",8.123,"Mil"
"RP","Marc Rzepczynski",4000,"Mil@Oak 10:05PM ET",2.123,"Oak"
"RP","Tommy Hunter",4000,"TB@Cle 07:10PM ET",2.503,"Cle"
"RP","Steve Cishek",4000,"Sea@Det 07:10PM ET",4.181,"Sea"
"RP","Josh Fields",4000,"LAA@Hou 08:10PM ET",2.377,"Hou"
"RP","Greg Holland",4000,"KC@NYM 07:10PM ET",0,"KC"
"RP","Curtis Partch",4000,"SF@Pit 07:05PM ET",-7.800,"Pit"
"RP","Chris Withrow",4000,"Atl@Mia 07:10PM ET",1.534,"Atl"
"RP","Sean Doolittle",4000,"Mil@Oak 10:05PM ET",3.270,"Oak"
"RP","Neil Ramirez",4000,"Phi@Min 08:10PM ET",2.792,"Min"
"RP","Ryan Pressly",4000,"Phi@Min 08:10PM ET",3.040,"Min"
"RP","Ryan Brasier",4000,"Mil@Oak 10:05PM ET",0,"Oak"
"1B","Mitch Moreland",4000,"Cin@Tex 08:05PM ET",6.359,"Tex"
"SP","Brandon Workman",4000,"CWS@Bos 07:10PM ET",0,"Bos"
"RP","T.J. McFarland",4000,"SD@Bal 07:05PM ET",1.542,"Bal"
"RP","Cory Gearrin",4000,"SF@Pit 07:05PM ET",2.758,"SF"
"RP","Charlie Furbush",4000,"Sea@Det 07:10PM ET",0,"Sea"
"RP","Michael Blazek",4000,"Mil@Oak 10:05PM ET",2.360,"Mil"
"SP","Anthony Ranaudo",4000,"CWS@Bos 07:10PM ET",-1.875,"CWS"
"RP","Justin Grimm",4000,"StL@ChC 08:05PM ET",1.927,"ChC"
"SP","Josh Collmenter",4000,"Ari@Tor 07:07PM ET",2.757,"Ari"
"SP","Chris Jones",4000,"LAA@Hou 08:10PM ET",0,"LAA"
"RP","Sammy Solis",4000,"Was@LAD 10:10PM ET",4.924,"Was"
"RP","Taylor Jordan",4000,"Was@LAD 10:10PM ET",0,"Was"
"RP","Hunter Strickland",4000,"SF@Pit 07:05PM ET",2.573,"SF"
"RP","Pedro Baez",4000,"Was@LAD 10:10PM ET",3.489,"LAD"
"RP","Mitch Harris",4000,"StL@ChC 08:05PM ET",0,"StL"
"RP","Tommy Layne",4000,"CWS@Bos 07:10PM ET",1.948,"Bos"
"RP","Evan Scribner",4000,"Sea@Det 07:10PM ET",0,"Sea"
"SP","Nick Tepesch",4000,"Cin@Tex 08:05PM ET",0,"Tex"
"RP","Jake Diekman",4000,"Cin@Tex 08:05PM ET",3.256,"Tex"
"RP","Luis Garcia",4000,"Phi@Min 08:10PM ET",0.875,"Phi"
"RP","Fernando Abad",4000,"Phi@Min 08:10PM ET",2.588,"Min"
"RP","J.C. Ramirez",4000,"Cin@Tex 08:05PM ET",2.392,"Cin"
"RP","Jhan Marinez",4000,"Mil@Oak 10:05PM ET",4.521,"Mil"
"RP","Liam Hendriks",4000,"Mil@Oak 10:05PM ET",2.938,"Oak"
"RP","Jose Alvarez",4000,"LAA@Hou 08:10PM ET",2.348,"LAA"
"RP","Tim Collins",4000,"KC@NYM 07:10PM ET",0,"KC"
"SP","Scott Diamond",4000,"Ari@Tor 07:07PM ET",-6.150,"Tor"
"RP","Aaron Crow",4000,"StL@ChC 08:05PM ET",0,"ChC"
"SP","Christian Friedrich",4000,"SD@Bal 07:05PM ET",15.143,"SD"
"SP","Casey Kelly",4000,"Atl@Mia 07:10PM ET",0.950,"Atl"
"RP","Mike Montgomery",4000,"Sea@Det 07:10PM ET",4.156,"Sea"
"SP","Lance Lynn",4000,"StL@ChC 08:05PM ET",0,"StL"
"RP","Kyle Lobstein",4000,"SF@Pit 07:05PM ET",4.033,"Pit"
"RP","Tanner Scheppers",4000,"Cin@Tex 08:05PM ET",0,"Tex"
"RP","Brad Hand",4000,"SD@Bal 07:05PM ET",3.595,"SD"
"RP","Robbie Ross Jr.",4000,"CWS@Bos 07:10PM ET",3.867,"Bos"
"RP","Craig Kimbrel",4000,"CWS@Bos 07:10PM ET",4.246,"Bos"
"SP","Jonathan Pettibone",4000,"StL@ChC 08:05PM ET",0,"ChC"
"SP","Tim Melville",4000,"Cin@Tex 08:05PM ET",-0.450,"Cin"
"RP","Trevor May",4000,"Phi@Min 08:10PM ET",2.717,"Min"
"RP","Buddy Boshers",4000,"Phi@Min 08:10PM ET",3.073,"Min"
"RP","Justin Wilson",4000,"Sea@Det 07:10PM ET",3.156,"Det"
"RP","Justin Miller",4000,"Col@NYY 07:05PM ET",2.591,"Col"
"SP","Eric Surkamp",4000,"Mil@Oak 10:05PM ET",2.294,"Oak"
"RP","Daniel Hudson",4000,"Ari@Tor 07:07PM ET",3.063,"Ari"
"RP","Zach Putnam",4000,"CWS@Bos 07:10PM ET",3.821,"CWS"
"RP","Nick Vincent",4000,"Sea@Det 07:10PM ET",3.729,"Sea"
"RP","Ryan Cook",4000,"Sea@Det 07:10PM ET",0,"Sea"
"RP","Michael Kohn",4000,"Atl@Mia 07:10PM ET",0,"Atl"
"RP","Richard Bleier",4000,"Col@NYY 07:05PM ET",0.210,"NYY"
"RP","Paul Clemens",4000,"Atl@Mia 07:10PM ET",0,"Mia"
"RP","Jeff Beliveau",4000,"SD@Bal 07:05PM ET",0,"Bal"
"RP","Dustin Antolin",4000,"Ari@Tor 07:07PM ET",-2.500,"Tor"
"RP","Will Smith",4000,"Mil@Oak 10:05PM ET",3.185,"Mil"
"RP","Dan Jennings",4000,"CWS@Bos 07:10PM ET",3.021,"CWS"
"RP","Thad Weber",4000,"Ari@Tor 07:07PM ET",0,"Tor"
"RP","David Phelps",4000,"Atl@Mia 07:10PM ET",4.387,"Mia"
"RP","Blaine Hardy",4000,"Sea@Det 07:10PM ET",1.212,"Det"
"RP","Danny Farquhar",4000,"TB@Cle 07:10PM ET",2.100,"TB"
"RP","J.J. Hoover",4000,"Cin@Tex 08:05PM ET",0.577,"Cin"
"SP","Danny Hultzen",4000,"Sea@Det 07:10PM ET",0,"Sea"
"SP","Ryan Weber",4000,"Atl@Mia 07:10PM ET",2.160,"Atl"
"RP","Daniel Webb",4000,"CWS@Bos 07:10PM ET",6.450,"CWS"
"RP","Brad Brach",4000,"SD@Bal 07:05PM ET",5.374,"Bal"
"RP","Jason Gurka",4000,"Col@NYY 07:05PM ET",0.825,"Col"
"RP","Brian Flynn",4000,"KC@NYM 07:10PM ET",3.820,"KC"
"RP","Daniel Coulombe",4000,"Mil@Oak 10:05PM ET",2.915,"Oak"
"RP","Aaron Barrett",4000,"Was@LAD 10:10PM ET",0,"Was"
"SP","Alex Meyer",4000,"Phi@Min 08:10PM ET",0.525,"Min"
"RP","Brandon Maurer",4000,"SD@Bal 07:05PM ET",2.227,"SD"
"RP","Austin Adams",4000,"TB@Cle 07:10PM ET",4.550,"Cle"
"RP","Hunter Cervenka",4000,"Atl@Mia 07:10PM ET",2.339,"Atl"
"RP","Michael Tonkin",4000,"Phi@Min 08:10PM ET",3.798,"Min"
"RP","Randall Delgado",4000,"Ari@Tor 07:07PM ET",2.893,"Ari"
"RP","Jorge Rondon",4000,"SF@Pit 07:05PM ET",5.300,"Pit"
"RP","Kelvin Herrera",4000,"KC@NYM 07:10PM ET",3.763,"KC"
"RP","Jenrry Mejia",4000,"KC@NYM 07:10PM ET",0,"NYM"
"RP","Bryan Shaw",4000,"TB@Cle 07:10PM ET",1.859,"Cle"
"RP","Arodys Vizcaino",4000,"Atl@Mia 07:10PM ET",3.880,"Atl"
"RP","Jeurys Familia",4000,"KC@NYM 07:10PM ET",2.831,"NYM"
"RP","Luis Avilan",4000,"Was@LAD 10:10PM ET",-1.188,"LAD"
"RP","Alex Colome",4000,"TB@Cle 07:10PM ET",4.000,"TB"
"SP","Carlos Frias",4000,"Was@LAD 10:10PM ET",0,"LAD"
"RP","Arquimedes Caminero",4000,"SF@Pit 07:05PM ET",1.337,"Pit"
"RP","Kevin Siegrist",4000,"StL@ChC 08:05PM ET",3.510,"StL"
"RP","Steve Geltz",4000,"TB@Cle 07:10PM ET",1.745,"TB"
"RP","Bo Schultz",4000,"Ari@Tor 07:07PM ET",0,"Tor"
"SP","Matt Magill",4000,"Cin@Tex 08:05PM ET",0,"Cin"
"RP","Oliver Drake",4000,"SD@Bal 07:05PM ET",0,"Bal"
"RP","Koji Uehara",4000,"CWS@Bos 07:10PM ET",3.709,"Bos"
"RP","Junichi Tazawa",4000,"CWS@Bos 07:10PM ET",3.166,"Bos"
"SP","Jacob Turner",4000,"CWS@Bos 07:10PM ET",0,"CWS"
"RP","Drew Storen",4000,"Ari@Tor 07:07PM ET",1.945,"Tor"
"SP","Tyler Matzek",4000,"Col@NYY 07:05PM ET",0,"Col"
"RP","Matt Purke",4000,"CWS@Bos 07:10PM ET",3.800,"CWS"
"RP","Mychal Givens",4000,"SD@Bal 07:05PM ET",5.044,"Bal"
"RP","Alex Wilson",4000,"Sea@Det 07:10PM ET",1.927,"Det"
"SP","David Hale",4000,"SD@Bal 07:05PM ET",-1.550,"Bal"
"RP","A.J. Morris",4000,"Cin@Tex 08:05PM ET",2.329,"Cin"
"SP","Keyvius Sampson",4000,"Cin@Tex 08:05PM ET",1.688,"Cin"
"RP","Jake Barrett",4000,"Ari@Tor 07:07PM ET",2.920,"Ari"
"RP","Adam Warren",4000,"StL@ChC 08:05PM ET",2.326,"ChC"
"RP","Ashur Tolliver",4000,"SD@Bal 07:05PM ET",2.350,"Bal"
"RP","Louis Coleman",4000,"Was@LAD 10:10PM ET",2.275,"LAD"
"RP","Caleb Cotham",4000,"Cin@Tex 08:05PM ET",1.241,"Cin"
"OF","Michael A. Taylor",4000,"Was@LAD 10:10PM ET",6.057,"Was"
"RP","Brian Moran",4000,"Sea@Det 07:10PM ET",0,"Sea"
"SP","Miles Mikolas",4000,"Cin@Tex 08:05PM ET",0,"Tex"
"RP","Buddy Baumann",4000,"SD@Bal 07:05PM ET",0,"SD"
"RP","Ian Krol",4000,"Atl@Mia 07:10PM ET",2.773,"Atl"
"RP","Aaron Loup",4000,"Ari@Tor 07:07PM ET",1.143,"Tor"
"RP","Adam Wilk",4000,"TB@Cle 07:10PM ET",0,"TB"
"RP","Andrew Bellatti",4000,"TB@Cle 07:10PM ET",0,"TB"
"SP","Pierce Johnson",4000,"StL@ChC 08:05PM ET",0,"ChC"
"RP","Bryan Mitchell",4000,"Col@NYY 07:05PM ET",0,"NYY"
"RP","Ryan Tepera",4000,"Ari@Tor 07:07PM ET",0.025,"Tor"
"RP","A.J. Ramos",4000,"Atl@Mia 07:10PM ET",3.405,"Mia"
"RP","Trevor Rosenthal",4000,"StL@ChC 08:05PM ET",2.835,"StL"
"RP","Zack Jones",4000,"Phi@Min 08:10PM ET",0,"Min"
"RP","Keith Butler",4000,"StL@ChC 08:05PM ET",0,"StL"
"RP","Mario Hollands",4000,"Phi@Min 08:10PM ET",0,"Phi"
"RP","Tyler Sturdevant",4000,"TB@Cle 07:10PM ET",2.391,"TB"
"RP","Derek Law",4000,"SF@Pit 07:05PM ET",3.170,"SF"
"RP","Pat Light",4000,"CWS@Bos 07:10PM ET",-3.550,"Bos"
"RP","Diego Moreno",4000,"Col@NYY 07:05PM ET",0,"NYY"
"RP","Jake Dunning",4000,"SF@Pit 07:05PM ET",0,"SF"
"RP","Vidal Nuno",4000,"Sea@Det 07:10PM ET",3.510,"Sea"
"SP","Edwin Escobar",4000,"Ari@Tor 07:07PM ET",-6.125,"Ari"
"RP","Jake Petricka",4000,"CWS@Bos 07:10PM ET",1.600,"CWS"
"SP","Chris Beck",4000,"CWS@Bos 07:10PM ET",0,"CWS"
"RP","Taylor Rogers",4000,"Phi@Min 08:10PM ET",2.847,"Min"
"3B","Jake Lamb",4000,"Ari@Tor 07:07PM ET",8.328,"Ari"
"RP","Mike Morin",4000,"LAA@Hou 08:10PM ET",2.370,"LAA"
"RP","James Pazos",4000,"Col@NYY 07:05PM ET",0,"NYY"
"RP","Enrique Burgos",4000,"Ari@Tor 07:07PM ET",0.629,"Ari"
"RP","Ken Giles",4000,"LAA@Hou 08:10PM ET",2.515,"Hou"
"RP","Buck Farmer",4000,"Sea@Det 07:10PM ET",4.267,"Det"
"SP","Sean Nolin",4000,"Mil@Oak 10:05PM ET",0,"Mil"
"RP","Paco Rodriguez",4000,"Atl@Mia 07:10PM ET",0,"Atl"
"RP","Josh Edgin",4000,"KC@NYM 07:10PM ET",0,"NYM"
"SP","Zack Godley",4000,"Ari@Tor 07:07PM ET",7.683,"Ari"
"SP","Burch Smith",4000,"TB@Cle 07:10PM ET",0,"TB"
"RP","Jose Cisnero",4000,"Cin@Tex 08:05PM ET",0,"Cin"
"RP","Enny Romero",4000,"TB@Cle 07:10PM ET",2.512,"TB"
"RP","Bruce Rondon",4000,"Sea@Det 07:10PM ET",10.500,"Det"
"SP","Erasmo Ramirez",4000,"TB@Cle 07:10PM ET",4.784,"TB"
"RP","Mayckol Guaipe",4000,"Sea@Det 07:10PM ET",2.260,"Sea"
"RP","Yhonathan Barrios",4000,"Mil@Oak 10:05PM ET",0,"Mil"
"RP","Felipe Rivero",4000,"Was@LAD 10:10PM ET",2.209,"Was"
"RP","Angel Nesbitt",4000,"Sea@Det 07:10PM ET",0,"Det"
"RP","Kirby Yates",4000,"Col@NYY 07:05PM ET",2.719,"NYY"
"RP","Jairo Diaz",4000,"Col@NYY 07:05PM ET",0,"Col"
"OF","Odubel Herrera",4000,"Phi@Min 08:10PM ET",7.870,"Phi"
"SP","Williams Perez",4000,"Atl@Mia 07:10PM ET",8.611,"Atl"
"RP","Jose Valdez",4000,"LAA@Hou 08:10PM ET",0,"LAA"
"SP","Jose Urena",4000,"Atl@Mia 07:10PM ET",1.097,"Mia"
"RP","Luis Cessa",4000,"Col@NYY 07:05PM ET",5.850,"NYY"
"RP","Gonzalez Germen",4000,"Col@NYY 07:05PM ET",2.682,"Col"
"RP","Hansel Robles",4000,"KC@NYM 07:10PM ET",2.977,"NYM"
"RP","Yimi Garcia",4000,"Was@LAD 10:10PM ET",1.572,"LAD"
"RP","Lisalverto Bonilla",4000,"Was@LAD 10:10PM ET",0,"LAD"
"RP","Dario Alvarez",4000,"Atl@Mia 07:10PM ET",10.400,"Atl"
"RP","Frank Garces",4000,"SD@Bal 07:05PM ET",0,"SD"
"RP","Aroldis Chapman",4000,"Col@NYY 07:05PM ET",3.636,"NYY"
"RP","Ian Thomas",4000,"Was@LAD 10:10PM ET",0,"LAD"
"RP","Seth Maness",4000,"StL@ChC 08:05PM ET",0.577,"StL"
"RP","Scott Oberg",4000,"Col@NYY 07:05PM ET",2.444,"Col"
"RP","Tommy Kahnle",4000,"CWS@Bos 07:10PM ET",0.230,"CWS"
"RP","Matt Barnes",4000,"CWS@Bos 07:10PM ET",3.342,"Bos"
"RP","Dean Kiekhefer",4000,"StL@ChC 08:05PM ET",1.741,"StL"
"RP","Scott Alexander",4000,"KC@NYM 07:10PM ET",2.806,"KC"
"RP","Erik Goeddel",4000,"KC@NYM 07:10PM ET",2.933,"NYM"
"RP","David Goforth",4000,"Mil@Oak 10:05PM ET",0.979,"Mil"
"RP","Tyler Thornburg",4000,"Mil@Oak 10:05PM ET",4.077,"Mil"
"RP","Shawn Tolleson",4000,"Cin@Tex 08:05PM ET",1.350,"Tex"
"SP","Logan Verrett",4000,"KC@NYM 07:10PM ET",4.913,"NYM"
"SP","Brandon Cumpton",4000,"SF@Pit 07:05PM ET",0,"Pit"
"RP","A.J. Schugel",4000,"SF@Pit 07:05PM ET",4.570,"Pit"
"OF","Miguel Sano",4000,"Phi@Min 08:10PM ET",7.720,"Min"
"RP","Luke Jackson",4000,"Cin@Tex 08:05PM ET",0.450,"Tex"
"RP","Cam Bedrosian",4000,"LAA@Hou 08:10PM ET",3.004,"LAA"
"RP","Zach Lee",4000,"Sea@Det 07:10PM ET",0,"Sea"
"SP","Jesse Biddle",4000,"Atl@Mia 07:10PM ET",0,"Atl"
"RP","Addison Reed",4000,"KC@NYM 07:10PM ET",3.267,"NYM"
"RP","Sam Tuivailala",4000,"StL@ChC 08:05PM ET",0,"StL"
"SP","Justin Nicolino",4000,"Atl@Mia 07:10PM ET",7.045,"Mia"
"SP","Nick Kingham",4000,"SF@Pit 07:05PM ET",0,"Pit"
"RP","Logan Darnell",4000,"Phi@Min 08:10PM ET",0,"Min"
"SP","Michael Lorenzen",4000,"Cin@Tex 08:05PM ET",0,"Cin"
"RP","Josh Osich",4000,"SF@Pit 07:05PM ET",0.947,"SF"
"RP","Michael Mariot",4000,"Phi@Min 08:10PM ET",0,"Phi"
"RP","Heath Hembree",4000,"CWS@Bos 07:10PM ET",6.300,"Bos"
"SP","Domingo German",4000,"Col@NYY 07:05PM ET",0,"NYY"
"RP","Chasen Shreve",4000,"Col@NYY 07:05PM ET",2.292,"NYY"
"RP","Kyle Ryan",4000,"Sea@Det 07:10PM ET",1.541,"Det"
"RP","Gabriel Ynoa",4000,"KC@NYM 07:10PM ET",0,"NYM"
"RP","Ryan O'Rourke",4000,"Phi@Min 08:10PM ET",1.413,"Min"
"SP","Chase Whitley",4000,"TB@Cle 07:10PM ET",0,"TB"
"RP","Cody Allen",4000,"TB@Cle 07:10PM ET",3.667,"Cle"
"SP","Zach Neal",4000,"Mil@Oak 10:05PM ET",0.583,"Oak"
"RP","Jason Garcia",4000,"SD@Bal 07:05PM ET",0,"Bal"
"SP","Josh Smith",4000,"Cin@Tex 08:05PM ET",4.025,"Cin"
"RP","Adam Liberatore",4000,"Was@LAD 10:10PM ET",2.862,"LAD"
"RP","Michael Ynoa",4000,"CWS@Bos 07:10PM ET",5.625,"CWS"
"RP","Blake Treinen",4000,"Was@LAD 10:10PM ET",3.320,"Was"
"SP","Andrew Triggs",4000,"Mil@Oak 10:05PM ET",2.859,"Oak"
"RP","Casey Sadler",4000,"SF@Pit 07:05PM ET",0,"Pit"
"RP","Dayan Diaz",4000,"Cin@Tex 08:05PM ET",-0.533,"Cin"
"RP","Conor Mullee",4000,"Col@NYY 07:05PM ET",-0.150,"NYY"
"SP","Dillon Overton",4000,"Mil@Oak 10:05PM ET",0,"Oak"
"RP","Alex Claudio",4000,"Cin@Tex 08:05PM ET",2.317,"Tex"
"RP","Keith Hessler",4000,"SD@Bal 07:05PM ET",-2.175,"SD"
"SP","Christian Bergman",4000,"Col@NYY 07:05PM ET",4.650,"Col"
"SP","Marco Gonzales",4000,"StL@ChC 08:05PM ET",0,"StL"
"RP","Matt Stites",4000,"Ari@Tor 07:07PM ET",0,"Ari"
"RP","Cody Hall",4000,"Atl@Mia 07:10PM ET",0.275,"Mia"
"SP","Dallas Beeler",4000,"StL@ChC 08:05PM ET",0,"ChC"
"RP","Steven Okert",4000,"SF@Pit 07:05PM ET",1.557,"SF"
"RP","Dan Winkler",4000,"Atl@Mia 07:10PM ET",4.217,"Atl"
"RP","A.J. Achter",4000,"LAA@Hou 08:10PM ET",2.183,"LAA"
"RP","Hector Neris",4000,"Phi@Min 08:10PM ET",3.437,"Phi"
"RP","Tayron Guerrero",4000,"SD@Bal 07:05PM ET",0.100,"SD"
"RP","Nefi Ogando",4000,"Atl@Mia 07:10PM ET",2.317,"Mia"
"RP","Jack Leathersich",4000,"StL@ChC 08:05PM ET",0,"ChC"
"RP","Tony Zych",4000,"Sea@Det 07:10PM ET",5.140,"Sea"
"RP","Andrew McKirahan",4000,"Atl@Mia 07:10PM ET",0,"Atl"
"RP","R.J. Alvarez",4000,"StL@ChC 08:05PM ET",0,"ChC"
"RP","Drew VerHagen",4000,"Sea@Det 07:10PM ET",0.797,"Det"
"RP","Colton Murray",4000,"Phi@Min 08:10PM ET",2.809,"Phi"
"RP","Jacob Barnes",4000,"Mil@Oak 10:05PM ET",3.064,"Mil"
"RP","Roberto Osuna",4000,"Ari@Tor 07:07PM ET",3.962,"Tor"
"SP","Severino Gonzalez",4000,"Phi@Min 08:10PM ET",7.225,"Phi"
"SP","Luis Perdomo",4000,"SD@Bal 07:05PM ET",1.826,"SD"
"RP","Miguel Almonte",4000,"KC@NYM 07:10PM ET",0,"KC"
"RP","Jarlin Garcia",4000,"Atl@Mia 07:10PM ET",0,"Mia"
"RP","Andrew Chafin",4000,"Ari@Tor 07:07PM ET",1.390,"Ari"
"SP","Kyle Crick",4000,"SF@Pit 07:05PM ET",0,"SF"
"RP","Sean Gilmartin",4000,"KC@NYM 07:10PM ET",10.025,"NYM"
"RP","Carter Capps",4000,"Atl@Mia 07:10PM ET",0,"Mia"
"RP","Evan Marshall",4000,"Ari@Tor 07:07PM ET",0.488,"Ari"
"RP","Tony Cingrani",4000,"Cin@Tex 08:05PM ET",2.090,"Cin"
"RP","Noe Ramirez",4000,"CWS@Bos 07:10PM ET",1.541,"Bos"
"RP","Carson Smith",4000,"CWS@Bos 07:10PM ET",2.733,"Bos"
"RP","Kevin Quackenbush",4000,"SD@Bal 07:05PM ET",2.247,"SD"
"RP","Aaron Brooks",4000,"StL@ChC 08:05PM ET",0,"ChC"
"SP","Adrian Sampson",4000,"Sea@Det 07:10PM ET",1.100,"Sea"
"RP","Branden Pinder",4000,"Col@NYY 07:05PM ET",-2.150,"NYY"
"RP","Carlos Estevez",4000,"Col@NYY 07:05PM ET",2.719,"Col"
"RP","Jacob Lindgren",4000,"Col@NYY 07:05PM ET",0,"NYY"
"RP","Elvis Araujo",4000,"Phi@Min 08:10PM ET",2.394,"Phi"
"RP","Spencer Patton",4000,"StL@ChC 08:05PM ET",-3.200,"ChC"
"RP","Shawn Armstrong",4000,"TB@Cle 07:10PM ET",-0.950,"Cle"
"RP","Andrew Faulkner",4000,"Cin@Tex 08:05PM ET",-0.306,"Tex"
"RP","Nick Goody",4000,"Col@NYY 07:05PM ET",2.983,"NYY"
"RP","Joe Biagini",4000,"Ari@Tor 07:07PM ET",2.644,"Tor"
"RP","Phil Klein",4000,"Phi@Min 08:10PM ET",3.438,"Phi"
"RP","Kyle Barraclough",4000,"Atl@Mia 07:10PM ET",4.252,"Mia"
"SP","Nick Martinez",4000,"Cin@Tex 08:05PM ET",2.517,"Tex"
"RP","Jonathan Aro",4000,"Sea@Det 07:10PM ET",0,"Sea"
"RP","Keone Kela",4000,"Cin@Tex 08:05PM ET",3.664,"Tex"
"RP","J.T. Chargois",4000,"Phi@Min 08:10PM ET",-12.100,"Min"
"SP","Austin Voth",4000,"Was@LAD 10:10PM ET",0,"Was"
"RP","Dominic Leone",4000,"Ari@Tor 07:07PM ET",-0.883,"Ari"
"3B","Matt Duffy",4000,"SF@Pit 07:05PM ET",6.414,"SF"
"RP","Trevor Gott",4000,"Was@LAD 10:10PM ET",0,"Was"
"RP","Nick Wittgren",4000,"Atl@Mia 07:10PM ET",4.879,"Mia"
"RP","Warwick Saupold",4000,"Sea@Det 07:10PM ET",1.760,"Det"
"RP","Silvino Bracho",4000,"Ari@Tor 07:07PM ET",-0.017,"Ari"
"SP","Zach Eflin",4000,"Phi@Min 08:10PM ET",-0.725,"Phi"
"SP","Jake Thompson",4000,"Phi@Min 08:10PM ET",0,"Phi"
"RP","Daniel Stumpf",4000,"Phi@Min 08:10PM ET",-2.100,"Phi"
"RP","Matt Bowman",4000,"StL@ChC 08:05PM ET",3.126,"StL"
"SP","Carson Fulmer",4000,"CWS@Bos 07:10PM ET",0,"CWS"
"RP","Brian Ellington",4000,"Atl@Mia 07:10PM ET",3.200,"Mia"
"RP","Tyler Olson",4000,"KC@NYM 07:10PM ET",-1.000,"KC"
"SP","Josh Hader",4000,"Mil@Oak 10:05PM ET",0,"Mil"
"RP","Shae Simmons",4000,"Atl@Mia 07:10PM ET",0,"Atl"
"RP","Ryan Dull",4000,"Mil@Oak 10:05PM ET",4.037,"Oak"
"RP","Ryan Garton",4000,"TB@Cle 07:10PM ET",3.264,"TB"
"RP","Miguel Castro",4000,"Col@NYY 07:05PM ET",1.538,"Col"
"RP","Kyle Crockett",4000,"TB@Cle 07:10PM ET",-0.105,"Cle"
"RP","Nick Rumbelow",4000,"Col@NYY 07:05PM ET",0,"NYY"
"SP","Jeff Hoffman",4000,"Col@NYY 07:05PM ET",0,"Col"
"SP","Chi Chi Gonzalez",4000,"Cin@Tex 08:05PM ET",0,"Tex"
"SP","Odrisamer Despaigne",4000,"SD@Bal 07:05PM ET",2.775,"Bal"
"RP","Francis Martes",4000,"LAA@Hou 08:10PM ET",0,"Hou"
"SP","Hunter Harvey",4000,"SD@Bal 07:05PM ET",0,"Bal"
"RP","Corey Knebel",4000,"Mil@Oak 10:05PM ET",1.310,"Mil"
"RP","Chad Girodo",4000,"Ari@Tor 07:07PM ET",1.061,"Tor"
"SP","Chad Kuhl",4000,"SF@Pit 07:05PM ET",0,"Pit"
"RP","Matt Marksberry",4000,"Atl@Mia 07:10PM ET",0.300,"Atl"
"SP","Daniel Wright",4000,"Cin@Tex 08:05PM ET",0.763,"Cin"
"RP","Dalier Hinojosa",4000,"Phi@Min 08:10PM ET",2.495,"Phi"
"SP","Cody Reed",4000,"Ari@Tor 07:07PM ET",0,"Ari"
"RP","Zac Curtis",4000,"Ari@Tor 07:07PM ET",1.261,"Ari"
"RP","Greg Mahle",4000,"LAA@Hou 08:10PM ET",1.260,"LAA"
"1B","Ryan Zimmerman",3900,"Was@LAD 10:10PM ET",7.322,"Was"
"OF","Cameron Maybin",3900,"Sea@Det 07:10PM ET",8.379,"Det"
"3B","Evan Longoria",3900,"TB@Cle 07:10PM ET",8.877,"TB"
"C","Wilson Ramos",3900,"Was@LAD 10:10PM ET",8.175,"Was"
"SS","Brandon Crawford",3900,"SF@Pit 07:05PM ET",6.926,"SF"
"2B","Dee Gordon",3900,"Atl@Mia 07:10PM ET",7.762,"Mia"
"OF","Hyun Soo Kim",3900,"SD@Bal 07:05PM ET",5.906,"Bal"
"OF","Kole Calhoun",3900,"LAA@Hou 08:10PM ET",8.059,"LAA"
"OF","Joey Rickard",3900,"SD@Bal 07:05PM ET",5.323,"Bal"
"OF","Rusney Castillo",3900,"CWS@Bos 07:10PM ET",1.778,"Bos"
"SS","Tim Anderson",3900,"CWS@Bos 07:10PM ET",7.000,"CWS"
"1B","Joey Votto",3800,"Cin@Tex 08:05PM ET",7.943,"Cin"
"C","Brian McCann",3800,"Col@NYY 07:05PM ET",6.491,"NYY"
"3B","Jhonny Peralta",3800,"StL@ChC 08:05PM ET",7.364,"StL"
"OF","Dexter Fowler",3800,"StL@ChC 08:05PM ET",8.828,"ChC"
"OF","Michael Brantley",3800,"TB@Cle 07:10PM ET",6.000,"Cle"
"OF","Jacoby Ellsbury",3800,"Col@NYY 07:05PM ET",7.581,"NYY"
"3B","Justin Turner",3800,"Was@LAD 10:10PM ET",6.597,"LAD"
"1B/3B","Marwin Gonzalez",3800,"LAA@Hou 08:10PM ET",5.650,"Hou"
"2B","Brian Dozier",3800,"Phi@Min 08:10PM ET",7.375,"Min"
"OF","Stephen Piscotty",3800,"StL@ChC 08:05PM ET",8.477,"StL"
"OF","Joc Pederson",3800,"Was@LAD 10:10PM ET",6.821,"LAD"
"SS","Carlos Correa",3800,"LAA@Hou 08:10PM ET",8.061,"Hou"
"SS","Corey Seager",3800,"Was@LAD 10:10PM ET",8.429,"LAD"
"1B/3B","Alex Rodriguez",3700,"Col@NYY 07:05PM ET",6.925,"NYY"
"OF","Ichiro Suzuki",3700,"Atl@Mia 07:10PM ET",4.684,"Mia"
"OF","Marlon Byrd",3700,"TB@Cle 07:10PM ET",6.529,"Cle"
"OF","Gregor Blanco",3700,"SF@Pit 07:05PM ET",4.875,"SF"
"OF","Justin Ruggiano",3700,"Cin@Tex 08:05PM ET",7.000,"Tex"
"OF","Colby Rasmus",3700,"LAA@Hou 08:10PM ET",6.935,"Hou"
"1B/2B","Steve Pearce",3700,"TB@Cle 07:10PM ET",7.840,"TB"
"OF","Jason Heyward",3700,"StL@ChC 08:05PM ET",7.254,"ChC"
"1B","Freddie Freeman",3700,"Atl@Mia 07:10PM ET",8.015,"Atl"
"2B","Derek Dietrich",3700,"Atl@Mia 07:10PM ET",6.050,"Mia"
"2B/3B","Yangervis Solarte",3700,"SD@Bal 07:05PM ET",6.903,"SD"
"SS","Didi Gregorius",3700,"Col@NYY 07:05PM ET",6.138,"NYY"
"1B","Justin Bour",3700,"Atl@Mia 07:10PM ET",6.776,"Mia"
"OF","Gregory Polanco",3700,"SF@Pit 07:05PM ET",9.288,"Pit"
"C","J.T. Realmuto",3700,"Atl@Mia 07:10PM ET",6.450,"Mia"
"2B/3B","Jurickson Profar",3700,"Cin@Tex 08:05PM ET",7.857,"Tex"
"1B","C.J. Cron",3700,"LAA@Hou 08:10PM ET",5.852,"LAA"
"2B","Devon Travis",3700,"Ari@Tor 07:07PM ET",7.409,"Tor"
"OF","Kevin Pillar",3700,"Ari@Tor 07:07PM ET",6.761,"Tor"
"2B","Cory Spangenberg",3700,"SD@Bal 07:05PM ET",6.429,"SD"
"2B","Chase Utley",3600,"Was@LAD 10:10PM ET",7.066,"LAD"
"OF","Angel Pagan",3600,"SF@Pit 07:05PM ET",6.925,"SF"
"3B","David Wright",3600,"KC@NYM 07:10PM ET",7.605,"NYM"
"C","Russell Martin",3600,"Ari@Tor 07:07PM ET",5.081,"Tor"
"OF","Denard Span",3600,"SF@Pit 07:05PM ET",6.836,"SF"
"OF","Matt Holliday",3600,"StL@ChC 08:05PM ET",7.308,"StL"
"C","Jarrod Saltalamacchia",3600,"Sea@Det 07:10PM ET",6.026,"Det"
"OF","Melky Cabrera",3600,"CWS@Bos 07:10PM ET",7.030,"CWS"
"OF","Carlos Gomez",3600,"LAA@Hou 08:10PM ET",5.673,"Hou"
"2B","Dustin Pedroia",3600,"CWS@Bos 07:10PM ET",8.439,"Bos"
"SS","Troy Tulowitzki",3600,"Ari@Tor 07:07PM ET",6.667,"Tor"
"3B","Yunel Escobar",3600,"LAA@Hou 08:10PM ET",6.785,"LAA"
"1B","Chris Carter",3600,"Mil@Oak 10:05PM ET",7.779,"Mil"
"2B","Daniel Murphy",3600,"Was@LAD 10:10PM ET",9.448,"Was"
"3B","Todd Frazier",3600,"CWS@Bos 07:10PM ET",8.284,"CWS"
"1B","Lucas Duda",3600,"KC@NYM 07:10PM ET",6.282,"NYM"
"OF","Giancarlo Stanton",3600,"Atl@Mia 07:10PM ET",7.000,"Mia"
"C","Derek Norris",3600,"SD@Bal 07:05PM ET",5.525,"SD"
"C","Salvador Perez",3600,"KC@NYM 07:10PM ET",7.820,"KC"
"1B","Justin Smoak",3600,"Ari@Tor 07:07PM ET",5.121,"Tor"
"2B","Johnny Giavotella",3600,"LAA@Hou 08:10PM ET",6.117,"LAA"
"OF","Billy Hamilton",3600,"Cin@Tex 08:05PM ET",6.400,"Cin"
"3B","Kyle Seager",3600,"Sea@Det 07:10PM ET",8.618,"Sea"
"2B","Scooter Gennett",3600,"Mil@Oak 10:05PM ET",6.961,"Mil"
"SS","Tyler Saladino",3600,"CWS@Bos 07:10PM ET",5.529,"CWS"
"C","Christian Bethancourt",3600,"SD@Bal 07:05PM ET",4.081,"SD"
"C","Evan Gattis",3600,"LAA@Hou 08:10PM ET",6.900,"Hou"
"SS","Brad Miller",3600,"TB@Cle 07:10PM ET",6.328,"TB"
"3B","Adrian Beltre",3500,"Cin@Tex 08:05PM ET",7.698,"Tex"
"OF","Coco Crisp",3500,"Mil@Oak 10:05PM ET",6.404,"Oak"
"1B","Hanley Ramirez",3500,"CWS@Bos 07:10PM ET",7.500,"Bos"
"2B/3B","Andres Blanco",3500,"Phi@Min 08:10PM ET",3.725,"Phi"
"OF","Chris Young",3500,"CWS@Bos 07:10PM ET",5.909,"Bos"
"OF","Nolan Reimold",3500,"SD@Bal 07:05PM ET",4.146,"Bal"
"SS","Elvis Andrus",3500,"Cin@Tex 08:05PM ET",7.047,"Tex"
"C","Francisco Pena",3500,"SD@Bal 07:05PM ET",6.800,"Bal"
"OF","Ben Revere",3500,"Was@LAD 10:10PM ET",6.432,"Was"
"1B","Eric Hosmer",3500,"KC@NYM 07:10PM ET",8.710,"KC"
"2B","Jean Segura",3500,"Ari@Tor 07:07PM ET",8.121,"Ari"
"1B","Matt Adams",3500,"StL@ChC 08:05PM ET",6.034,"StL"
"OF","Corey Dickerson",3500,"TB@Cle 07:10PM ET",5.934,"TB"
"OF","Jarrett Parker",3500,"SF@Pit 07:05PM ET",5.364,"SF"
"OF","Michael Conforto",3500,"KC@NYM 07:10PM ET",6.738,"NYM"
"3B","Jung Ho Kang",3500,"SF@Pit 07:05PM ET",8.111,"Pit"
"SS","Jimmy Rollins",3400,"CWS@Bos 07:10PM ET",6.268,"CWS"
"OF","Shin-soo Choo",3400,"Cin@Tex 08:05PM ET",7.385,"Tex"
"OF","Nelson Cruz",3400,"Sea@Det 07:10PM ET",8.853,"Sea"
"OF","Alejandro De Aza",3400,"KC@NYM 07:10PM ET",1.915,"NYM"
"2B","Neil Walker",3400,"KC@NYM 07:10PM ET",7.048,"NYM"
"OF","David Peralta",3400,"Ari@Tor 07:07PM ET",6.829,"Ari"
"2B","Logan Forsythe",3400,"TB@Cle 07:10PM ET",8.737,"TB"
"SS","Danny Espinosa",3400,"Was@LAD 10:10PM ET",6.368,"Was"
"3B","Anthony Rendon",3400,"Was@LAD 10:10PM ET",7.544,"Was"
"OF","Avisail Garcia",3400,"CWS@Bos 07:10PM ET",6.218,"CWS"
"1B","Tommy Joseph",3400,"Phi@Min 08:10PM ET",6.310,"Phi"
"OF","Jeremy Hazelbaker",3400,"StL@ChC 08:05PM ET",4.426,"StL"
"OF","Tyler Naquin",3400,"TB@Cle 07:10PM ET",5.714,"Cle"
"SS","Jose Iglesias",3400,"Sea@Det 07:10PM ET",5.413,"Det"
"OF","Delino DeShields",3400,"Cin@Tex 08:05PM ET",6.100,"Tex"
"OF","Kevin Kiermaier",3400,"TB@Cle 07:10PM ET",7.079,"TB"
"OF","Travis Jankowski",3400,"SD@Bal 07:05PM ET",2.609,"SD"
"3B/SS","Javier Baez",3400,"StL@ChC 08:05PM ET",5.558,"ChC"
"1B/OF","Ryan Rua",3400,"Cin@Tex 08:05PM ET",7.422,"Tex"
"3B/OF","Jose Ramirez",3400,"TB@Cle 07:10PM ET",6.951,"Cle"
"OF","Manuel Margot",3400,"SD@Bal 07:05PM ET",0,"SD"
"SS","Aledmys Diaz",3400,"StL@ChC 08:05PM ET",7.813,"StL"
"1B","Albert Pujols",3300,"LAA@Hou 08:10PM ET",7.116,"LAA"
"1B","Joe Mauer",3300,"Phi@Min 08:10PM ET",7.015,"Min"
"SS","J.J. Hardy",3300,"SD@Bal 07:05PM ET",5.833,"Bal"
"SS","Asdrubal Cabrera",3300,"KC@NYM 07:10PM ET",5.941,"NYM"
"1B","Chris Colabello",3300,"Ari@Tor 07:07PM ET",1.400,"Tor"
"1B","Logan Morrison",3300,"TB@Cle 07:10PM ET",6.233,"TB"
"OF","Cole Gillespie",3300,"Atl@Mia 07:10PM ET",2.615,"Mia"
"OF","Gerardo Parra",3300,"Col@NYY 07:05PM ET",6.873,"Col"
"OF","Jake Smolinski",3300,"Mil@Oak 10:05PM ET",5.217,"Oak"
"OF","Steven Souza Jr.",3300,"TB@Cle 07:10PM ET",7.140,"TB"
"SS","Zack Cozart",3300,"Cin@Tex 08:05PM ET",7.525,"Cin"
"3B","Brett Wallace",3300,"SD@Bal 07:05PM ET",4.121,"SD"
"2B","Brett Lawrie",3300,"CWS@Bos 07:10PM ET",6.426,"CWS"
"2B","Jason Kipnis",3300,"TB@Cle 07:10PM ET",7.591,"Cle"
"C","Chris Herrmann",3300,"Ari@Tor 07:07PM ET",6.950,"Ari"
"OF","Billy Burns",3300,"Mil@Oak 10:05PM ET",6.065,"Oak"
"3B","Travis Shaw",3300,"CWS@Bos 07:10PM ET",7.618,"Bos"
"2B/3B","Tommy La Stella",3300,"StL@ChC 08:05PM ET",4.263,"ChC"
"OF","Ryan Raburn",3200,"Col@NYY 07:05PM ET",4.519,"Col"
"1B","Ryan Howard",3200,"Phi@Min 08:10PM ET",4.393,"Phi"
"2B/3B","Aaron Hill",3200,"Mil@Oak 10:05PM ET",6.169,"Mil"
"1B","Billy Butler",3200,"Mil@Oak 10:05PM ET",4.111,"Oak"
"1B","Adam Lind",3200,"Sea@Det 07:10PM ET",5.792,"Sea"
"1B","Mark Reynolds",3200,"Col@NYY 07:05PM ET",6.242,"Col"
"3B","Luis Valbuena",3200,"LAA@Hou 08:10PM ET",6.050,"Hou"
"2B/3B","Adam Rosales",3200,"SD@Bal 07:05PM ET",3.918,"SD"
"OF","Austin Jackson",3200,"CWS@Bos 07:10PM ET",5.593,"CWS"
"OF","Justin Upton",3200,"Sea@Det 07:10PM ET",6.439,"Det"
"C","Stephen Vogt",3200,"Mil@Oak 10:05PM ET",5.804,"Oak"
"OF","Brandon Guyer",3200,"TB@Cle 07:10PM ET",7.550,"TB"
"OF","Ezequiel Carrera",3200,"Ari@Tor 07:07PM ET",4.617,"Tor"
"2B/SS","Tim Beckham",3200,"TB@Cle 07:10PM ET",5.462,"TB"
"OF","Kirk Nieuwenhuis",3200,"Mil@Oak 10:05PM ET",4.754,"Mil"
"OF","J.B. Shuck",3200,"CWS@Bos 07:10PM ET",3.105,"CWS"
"OF","Trayce Thompson",3200,"Was@LAD 10:10PM ET",6.617,"LAD"
"OF","Domingo Santana",3200,"Mil@Oak 10:05PM ET",5.628,"Mil"
"2B","Carlos Sanchez",3200,"CWS@Bos 07:10PM ET",2.364,"CWS"
"2B/SS","Kelby Tomlinson",3200,"SF@Pit 07:05PM ET",4.086,"SF"
"OF","Byron Buxton",3200,"Phi@Min 08:10PM ET",4.714,"Min"
"3B/OF","Joey Gallo",3200,"Cin@Tex 08:05PM ET",0.000,"Tex"
"SS","Addison Russell",3200,"StL@ChC 08:05PM ET",6.742,"ChC"
"OF","Nomar Mazara",3200,"Cin@Tex 08:05PM ET",7.426,"Tex"
"OF","Yasiel Puig",3200,"Was@LAD 10:10PM ET",5.759,"LAD"
"1B","Tyler White",3200,"LAA@Hou 08:10PM ET",5.453,"Hou"
"1B","Byung Ho Park",3200,"Phi@Min 08:10PM ET",6.684,"Min"
"1B","Justin Morneau",3100,"CWS@Bos 07:10PM ET",0,"CWS"
"1B/3B","David Freese",3100,"SF@Pit 07:05PM ET",6.533,"Pit"
"3B","Ryan Flaherty",3100,"SD@Bal 07:05PM ET",4.238,"Bal"
"C","Alex Avila",3100,"CWS@Bos 07:10PM ET",4.710,"CWS"
"OF","Robbie Grossman",3100,"Phi@Min 08:10PM ET",8.586,"Min"
"OF","Leonys Martin",3100,"Sea@Det 07:10PM ET",7.615,"Sea"
"OF","Randal Grichuk",3100,"StL@ChC 08:05PM ET",6.177,"StL"
"3B","Eugenio Suarez",3100,"Cin@Tex 08:05PM ET",7.029,"Cin"
"2B","Jedd Gyorko",3100,"StL@ChC 08:05PM ET",4.848,"StL"
"3B/SS","Taylor Motter",3100,"TB@Cle 07:10PM ET",4.125,"TB"
"OF","Albert Almora Jr.",3100,"StL@ChC 08:05PM ET",5.000,"ChC"
"OF","Jorge Soler",3100,"StL@ChC 08:05PM ET",4.920,"ChC"
"1B","Adrian Gonzalez",3000,"Was@LAD 10:10PM ET",6.537,"LAD"
"C","Dioner Navarro",3000,"CWS@Bos 07:10PM ET",5.071,"CWS"
"OF","Franklin Gutierrez",3000,"Sea@Det 07:10PM ET",5.739,"Sea"
"1B","Prince Fielder",3000,"Cin@Tex 08:05PM ET",5.455,"Tex"
"C","Miguel Montero",3000,"StL@ChC 08:05PM ET",5.622,"ChC"
"2B/OF","Howie Kendrick",3000,"Was@LAD 10:10PM ET",5.362,"LAD"
"3B","Chase Headley",3000,"Col@NYY 07:05PM ET",5.333,"NYY"
"1B","Dae-Ho Lee",3000,"Sea@Det 07:10PM ET",5.936,"Sea"
"SS","Alexei Ramirez",3000,"SD@Bal 07:05PM ET",5.400,"SD"
"1B","Ike Davis",3000,"Col@NYY 07:05PM ET",2.833,"NYY"
"1B/3B","Jefry Marte",3000,"LAA@Hou 08:10PM ET",6.421,"LAA"
"2B","Starlin Castro",3000,"Col@NYY 07:05PM ET",6.239,"NYY"
"C","Josh Phegley",3000,"Mil@Oak 10:05PM ET",5.381,"Oak"
"OF","Jake Marisnick",3000,"LAA@Hou 08:10PM ET",3.333,"Hou"
"OF","Brock Holt",3000,"CWS@Bos 07:10PM ET",6.229,"Bos"
"OF","Aaron Altherr",3000,"Phi@Min 08:10PM ET",0,"Phi"
"C","Hector Sanchez",3000,"SD@Bal 07:05PM ET",2.813,"SD"
"OF","Oswaldo Arcia",3000,"Phi@Min 08:10PM ET",5.125,"Min"
"2B/OF","Whit Merrifield",3000,"KC@NYM 07:10PM ET",8.964,"KC"
"C","Cameron Rupp",3000,"Phi@Min 08:10PM ET",6.024,"Phi"
"SS","Adeiny Hechavarria",3000,"Atl@Mia 07:10PM ET",4.910,"Mia"
"SS","Marcus Semien",3000,"Mil@Oak 10:05PM ET",6.348,"Oak"
"OF","Ben Gamel",3000,"Col@NYY 07:05PM ET",1.400,"NYY"
"C","James McCann",3000,"Sea@Det 07:10PM ET",4.703,"Det"
"2B","Jose Peraza",3000,"Cin@Tex 08:05PM ET",5.125,"Cin"
"OF","Tyler Goeddel",3000,"Phi@Min 08:10PM ET",4.104,"Phi"
"OF","Bradley Zimmer",3000,"TB@Cle 07:10PM ET",0,"Cle"
"3B","Juan Uribe",2900,"TB@Cle 07:10PM ET",4.980,"Cle"
"2B","Brandon Phillips",2900,"Cin@Tex 08:05PM ET",6.591,"Cin"
"2B","Kelly Johnson",2900,"KC@NYM 07:10PM ET",3.702,"NYM"
"C","Yadier Molina",2900,"StL@ChC 08:05PM ET",5.985,"StL"
"C","Geovany Soto",2900,"LAA@Hou 08:10PM ET",6.000,"LAA"
"2B/OF","Mike Aviles",2900,"Sea@Det 07:10PM ET",2.935,"Det"
"OF","Seth Smith",2900,"Sea@Det 07:10PM ET",6.153,"Sea"
"3B","Trevor Plouffe",2900,"Phi@Min 08:10PM ET",5.580,"Min"
"1B","Kendrys Morales",2900,"KC@NYM 07:10PM ET",6.172,"KC"
"OF","Andrew McCutchen",2900,"SF@Pit 07:05PM ET",7.606,"Pit"
"OF","Michael Martinez",2900,"TB@Cle 07:10PM ET",3.625,"Cle"
"C","Welington Castillo",2900,"Ari@Tor 07:07PM ET",7.019,"Ari"
"OF","Jimmy Paredes",2900,"Phi@Min 08:10PM ET",3.957,"Phi"
"2B/SS","Danny Worth",2900,"LAA@Hou 08:10PM ET",4.000,"Hou"
"C","Travis d'Arnaud",2900,"KC@NYM 07:10PM ET",4.077,"NYM"
"OF","Matt Szczur",2900,"StL@ChC 08:05PM ET",4.026,"ChC"
"OF/SS","Andrew Romine",2900,"Sea@Det 07:10PM ET",1.511,"Det"
"2B/SS","Daniel Descalso",2900,"Col@NYY 07:05PM ET",5.833,"Col"
"C","Yasmani Grandal",2900,"Was@LAD 10:10PM ET",5.120,"LAD"
"OF","Daniel Nava",2900,"LAA@Hou 08:10PM ET",4.000,"LAA"
"SS","Eduardo Escobar",2900,"Phi@Min 08:10PM ET",4.978,"Min"
"1B/OF","Ben Paulsen",2900,"Col@NYY 07:05PM ET",3.724,"Col"
"OF","Ender Inciarte",2900,"Atl@Mia 07:10PM ET",6.163,"Atl"
"1B","Christian Walker",2900,"SD@Bal 07:05PM ET",0,"Bal"
"OF","Rafael Ortega",2900,"LAA@Hou 08:10PM ET",5.222,"LAA"
"1B/OF","Mark Canha",2900,"Mil@Oak 10:05PM ET",3.625,"Oak"
"OF","Tyler Holt",2900,"Cin@Tex 08:05PM ET",3.137,"Cin"
"OF","Cody Asche",2900,"Phi@Min 08:10PM ET",5.941,"Phi"
"3B","Maikel Franco",2900,"Phi@Min 08:10PM ET",6.215,"Phi"
"OF","Mac Williamson",2900,"SF@Pit 07:05PM ET",2.714,"SF"
"1B/2B","Rob Refsnyder",2900,"Col@NYY 07:05PM ET",4.833,"NYY"
"OF","Tony Kemp",2900,"LAA@Hou 08:10PM ET",3.722,"Hou"
"1B","Trey Mancini",2900,"SD@Bal 07:05PM ET",0,"Bal"
"SS","J.P. Crawford",2900,"Phi@Min 08:10PM ET",0,"Phi"
"1B","Mark Teixeira",2800,"Col@NYY 07:05PM ET",4.667,"NYY"
"C","Robinson Chirinos",2800,"Cin@Tex 08:05PM ET",7.333,"Tex"
"1B","James Loney",2800,"KC@NYM 07:10PM ET",5.944,"NYM"
"OF","Andre Ethier",2800,"Was@LAD 10:10PM ET",0,"LAD"
"OF","Michael Bourn",2800,"Ari@Tor 07:07PM ET",5.724,"Ari"
"C","Nick Hundley",2800,"Col@NYY 07:05PM ET",6.160,"Col"
"1B/OF","Matt McBride",2800,"Mil@Oak 10:05PM ET",2.500,"Oak"
"OF","Lonnie Chisenhall",2800,"TB@Cle 07:10PM ET",5.674,"Cle"
"OF","Juan Lagares",2800,"KC@NYM 07:10PM ET",3.061,"NYM"
"2B/SS","Ehire Adrianza",2800,"SF@Pit 07:05PM ET",3.500,"SF"
"OF","Leury Garcia",2800,"CWS@Bos 07:10PM ET",0.000,"CWS"
"OF","Kike Hernandez",2800,"Was@LAD 10:10PM ET",3.279,"LAD"
"2B","Cesar Hernandez",2800,"Phi@Min 08:10PM ET",4.866,"Phi"
"3B/OF","Hernan Perez",2800,"Mil@Oak 10:05PM ET",5.789,"Mil"
"OF","Eddie Rosario",2800,"Phi@Min 08:10PM ET",5.219,"Min"
"OF","Hunter Renfroe",2800,"SD@Bal 07:05PM ET",0,"SD"
"OF","Mallex Smith",2800,"Atl@Mia 07:10PM ET",6.466,"Atl"
"2B/SS","Trea Turner",2800,"Was@LAD 10:10PM ET",6.500,"Was"
"1B","A.J. Reed",2800,"LAA@Hou 08:10PM ET",0,"Hou"
"3B","Colin Moran",2800,"LAA@Hou 08:10PM ET",2.000,"Hou"
"OF","Yasmany Tomas",2800,"Ari@Tor 07:07PM ET",6.828,"Ari"
"2B/3B","Stephen Drew",2700,"Was@LAD 10:10PM ET",4.500,"Was"
"2B","Jed Lowrie",2700,"Mil@Oak 10:05PM ET",5.717,"Oak"
"OF","Drew Stubbs",2700,"Cin@Tex 08:05PM ET",4.400,"Tex"
"OF","Desmond Jennings",2700,"TB@Cle 07:10PM ET",4.642,"TB"
"1B","Clint Robinson",2700,"Was@LAD 10:10PM ET",2.846,"Was"
"3B/SS","Ruben Tejada",2700,"SF@Pit 07:05PM ET",2.000,"SF"
"C","Jason Castro",2700,"LAA@Hou 08:10PM ET",5.846,"Hou"
"OF","Aaron Hicks",2700,"Col@NYY 07:05PM ET",3.474,"NYY"
"C","Caleb Joseph",2700,"SD@Bal 07:05PM ET",2.609,"Bal"
"2B/SS","Alexi Amarista",2700,"SD@Bal 07:05PM ET",3.917,"SD"
"OF","Chris Owings",2700,"Ari@Tor 07:07PM ET",6.574,"Ari"
"C","Andrew Susac",2700,"SF@Pit 07:05PM ET",0,"SF"
"C","Dustin Garneau",2700,"Col@NYY 07:05PM ET",4.895,"Col"
"SS","Jorge Polanco",2700,"Phi@Min 08:10PM ET",4.769,"Min"
"3B","Kaleb Cowart",2700,"LAA@Hou 08:10PM ET",1.000,"LAA"
"OF","Max Kepler",2700,"Phi@Min 08:10PM ET",5.296,"Min"
"OF","Mikie Mahtook",2700,"TB@Cle 07:10PM ET",2.435,"TB"
"2B","Dilson Herrera",2700,"KC@NYM 07:10PM ET",0,"NYM"
"OF","Henry Urrutia",2700,"SD@Bal 07:05PM ET",0,"Bal"
"C","David Ross",2600,"StL@ChC 08:05PM ET",6.000,"ChC"
"SS","Jose Reyes",2600,"Col@NYY 07:05PM ET",0,"Col"
"C","Ryan Hanigan",2600,"CWS@Bos 07:10PM ET",4.136,"Bos"
"C","Carlos Ruiz",2600,"Phi@Min 08:10PM ET",5.750,"Phi"
"OF","Nick Markakis",2600,"Atl@Mia 07:10PM ET",6.478,"Atl"
"1B","John Jaso",2600,"SF@Pit 07:05PM ET",6.000,"Pit"
"2B/OF","Sean Rodriguez",2600,"SF@Pit 07:05PM ET",4.295,"Pit"
"OF","Lorenzo Cain",2600,"KC@NYM 07:10PM ET",7.758,"KC"
"2B/SS","Ivan De Jesus Jr.",2600,"Cin@Tex 08:05PM ET",4.028,"Cin"
"OF","Matt Joyce",2600,"SF@Pit 07:05PM ET",4.610,"Pit"
"OF","Norichika Aoki",2600,"Sea@Det 07:10PM ET",5.984,"Sea"
"1B","Yonder Alonso",2600,"Mil@Oak 10:05PM ET",4.470,"Oak"
"3B","Wilmer Flores",2600,"KC@NYM 07:10PM ET",4.667,"NYM"
"2B/OF","Darnell Sweeney",2600,"Phi@Min 08:10PM ET",0,"Phi"
"SS","Andrelton Simmons",2600,"LAA@Hou 08:10PM ET",4.200,"LAA"
"C","Gary Sanchez",2600,"Col@NYY 07:05PM ET",0.000,"NYY"
"OF","Scott Schebler",2600,"Cin@Tex 08:05PM ET",3.593,"Cin"
"OF","Aaron Judge",2600,"Col@NYY 07:05PM ET",0,"NYY"
"OF","Peter O'Brien",2600,"Ari@Tor 07:07PM ET",6.625,"Ari"
"SS","Ketel Marte",2600,"Sea@Det 07:10PM ET",6.396,"Sea"
"SS","Alex Bregman",2600,"LAA@Hou 08:10PM ET",0,"Hou"
"C","Chris Iannetta",2500,"Sea@Det 07:10PM ET",5.600,"Sea"
"OF","Peter Bourjos",2500,"Phi@Min 08:10PM ET",3.581,"Phi"
"OF","Paulo Orlando",2500,"KC@NYM 07:10PM ET",6.333,"KC"
"C","Hank Conger",2500,"TB@Cle 07:10PM ET",3.135,"TB"
"2B/OF","Chris Coghlan",2500,"StL@ChC 08:05PM ET",3.949,"ChC"
"1B/3B","Chris Johnson",2500,"Atl@Mia 07:10PM ET",3.019,"Mia"
"OF","Chris Heisey",2500,"Was@LAD 10:10PM ET",2.974,"Was"
"3B","Mike Moustakas",2500,"KC@NYM 07:10PM ET",7.286,"KC"
"2B","Eric Sogard",2500,"Mil@Oak 10:05PM ET",0,"Oak"
"SS","Freddy Galvis",2500,"Phi@Min 08:10PM ET",5.426,"Phi"
"2B","Josh Harrison",2500,"SF@Pit 07:05PM ET",7.323,"Pit"
"2B","Kolten Wong",2500,"StL@ChC 08:05PM ET",3.784,"StL"
"OF","Keon Broxton",2500,"Mil@Oak 10:05PM ET",3.375,"Mil"
"2B/SS","Miguel Rojas",2500,"Atl@Mia 07:10PM ET",2.182,"Mia"
"OF","Ramon Flores",2500,"Mil@Oak 10:05PM ET",3.694,"Mil"
"OF","Danny Santana",2500,"Phi@Min 08:10PM ET",6.289,"Min"
"OF","Alex Dickerson",2500,"SD@Bal 07:05PM ET",2.875,"SD"
"2B/3B","Josh Rutledge",2500,"CWS@Bos 07:10PM ET",3.464,"Bos"
"OF","Todd Cunningham",2500,"LAA@Hou 08:10PM ET",2.600,"LAA"
"3B/SS","Ronald Torreyes",2500,"Col@NYY 07:05PM ET",3.520,"NYY"
"OF","Jason Coats",2500,"CWS@Bos 07:10PM ET",1.333,"CWS"
"1B","Matt Olson",2500,"Mil@Oak 10:05PM ET",0,"Oak"
"C","Trevor Brown",2500,"SF@Pit 07:05PM ET",4.273,"SF"
"OF","Dariel Alvarez",2500,"SD@Bal 07:05PM ET",0,"Bal"
"3B","Hector Olivera",2500,"Atl@Mia 07:10PM ET",4.000,"Atl"
"2B/SS","Cliff Pennington",2400,"LAA@Hou 08:10PM ET",3.852,"LAA"
"OF","Will Venable",2400,"Was@LAD 10:10PM ET",2.250,"LAD"
"1B/OF","Scott Van Slyke",2400,"Was@LAD 10:10PM ET",2.706,"LAD"
"OF","Alex Presley",2400,"Mil@Oak 10:05PM ET",3.727,"Mil"
"OF","Ryan Kalish",2400,"StL@ChC 08:05PM ET",2.286,"ChC"
"OF","Domonic Brown",2400,"Ari@Tor 07:07PM ET",0,"Tor"
"OF","Jarrod Dyson",2400,"KC@NYM 07:10PM ET",4.915,"KC"
"C","Austin Romine",2400,"Col@NYY 07:05PM ET",4.552,"NYY"
"OF","Anthony Gose",2400,"Sea@Det 07:10PM ET",4.700,"Det"
"1B/OF","Jerry Sands",2400,"CWS@Bos 07:10PM ET",2.917,"CWS"
"OF","Reymond Fuentes",2400,"KC@NYM 07:10PM ET",4.692,"KC"
"C","John Ryan Murphy",2400,"Phi@Min 08:10PM ET",1.364,"Min"
"C","Tucker Barnhart",2400,"Cin@Tex 08:05PM ET",4.653,"Cin"
"C","Yan Gomes",2400,"TB@Cle 07:10PM ET",5.208,"Cle"
"OF","Matt den Dekker",2400,"Was@LAD 10:10PM ET",2.947,"Was"
"OF","Rymer Liriano",2400,"Mil@Oak 10:05PM ET",0,"Mil"
"OF","Steven Moya",2400,"Sea@Det 07:10PM ET",6.417,"Det"
"C","Curt Casali",2400,"TB@Cle 07:10PM ET",4.510,"TB"
"C/OF","Blake Swihart",2400,"CWS@Bos 07:10PM ET",5.947,"Bos"
"3B","Adonis Garcia",2400,"Atl@Mia 07:10PM ET",5.438,"Atl"
"OF","Brett Phillips",2400,"Mil@Oak 10:05PM ET",0,"Mil"
"OF","Jeff Francoeur",2300,"Atl@Mia 07:10PM ET",4.345,"Atl"
"SS","Gregorio Petit",2300,"LAA@Hou 08:10PM ET",5.242,"LAA"
"C","Kurt Suzuki",2300,"Phi@Min 08:10PM ET",4.783,"Min"
"C","Francisco Cervelli",2300,"SF@Pit 07:05PM ET",6.143,"Pit"
"OF","Alex Gordon",2300,"KC@NYM 07:10PM ET",5.881,"KC"
"2B/3B","Darwin Barney",2300,"Ari@Tor 07:07PM ET",5.000,"Tor"
"SS","Jordy Mercer",2300,"SF@Pit 07:05PM ET",6.091,"Pit"
"2B/SS","Ryan Goins",2300,"Ari@Tor 07:07PM ET",3.574,"Tor"
"C","Carlos Perez",2300,"LAA@Hou 08:10PM ET",4.100,"LAA"
"C","Jett Bandy",2300,"LAA@Hou 08:10PM ET",4.667,"LAA"
"C","Chris Gimenez",2200,"TB@Cle 07:10PM ET",3.087,"Cle"
"OF/SS","Shawn O'Malley",2200,"Sea@Det 07:10PM ET",2.364,"Sea"
"C","Steve Clevenger",2200,"Sea@Det 07:10PM ET",5.211,"Sea"
"OF","Andrew Lambo",2200,"Mil@Oak 10:05PM ET",0.000,"Oak"
"2B/3B","Chase d'Arnaud",2200,"Atl@Mia 07:10PM ET",5.771,"Atl"
"C","Christian Vazquez",2200,"CWS@Bos 07:10PM ET",4.619,"Bos"
"C","Max Stassi",2200,"LAA@Hou 08:10PM ET",0.000,"Hou"
"1B","Jon Singleton",2200,"LAA@Hou 08:10PM ET",0,"Hou"
"1B/3B","Richie Shaffer",2200,"TB@Cle 07:10PM ET",0,"TB"
"C","Ramon Cabrera",2200,"Cin@Tex 08:05PM ET",4.600,"Cin"
"1B","Kennys Vargas",2200,"Phi@Min 08:10PM ET",0,"Min"
"2B/SS","Greg Garcia",2200,"StL@ChC 08:05PM ET",5.038,"StL"
"2B/SS","Marco Hernandez",2200,"CWS@Bos 07:10PM ET",2.824,"Bos"
"OF","Jared Hoying",2200,"Cin@Tex 08:05PM ET",2.636,"Tex"
"3B","Cheslor Cuthbert",2200,"KC@NYM 07:10PM ET",5.838,"KC"
"OF","Socrates Brito",2200,"Ari@Tor 07:07PM ET",4.800,"Ari"
"C","Austin Barnes",2200,"Was@LAD 10:10PM ET",1.600,"LAD"
"3B","Renato Nunez",2200,"Mil@Oak 10:05PM ET",0,"Oak"
"C","Austin Hedges",2200,"SD@Bal 07:05PM ET",0,"SD"
"C","Tom Murphy",2200,"Col@NYY 07:05PM ET",0,"Col"
"2B","Chad Pinder",2200,"Mil@Oak 10:05PM ET",0,"Oak"
"C","Rene Rivera",2100,"KC@NYM 07:10PM ET",4.789,"NYM"
"1B/OF","Kyle Blanks",2100,"SF@Pit 07:05PM ET",0,"SF"
"2B/3B","Gordon Beckham",2100,"Atl@Mia 07:10PM ET",6.613,"Atl"
"3B","Conor Gillaspie",2100,"SF@Pit 07:05PM ET",1.788,"SF"
"OF","Joey Butler",2100,"TB@Cle 07:10PM ET",0,"Cle"
"2B/3B","Ryan Schimpf",2100,"SD@Bal 07:05PM ET",4.167,"SD"
"1B/OF","Darin Ruf",2100,"Phi@Min 08:10PM ET",1.645,"Phi"
"3B","Giovanny Urshela",2100,"TB@Cle 07:10PM ET",0,"Cle"
"2B/3B","Phil Gosselin",2100,"Ari@Tor 07:07PM ET",2.510,"Ari"
"OF","Steve Selsky",2100,"Cin@Tex 08:05PM ET",1.625,"Cin"
"SS","Alen Hanson",2100,"SF@Pit 07:05PM ET",1.667,"Pit"
"C","Brett Nicholas",2100,"Cin@Tex 08:05PM ET",7.500,"Tex"
"OF","Dalton Pompey",2100,"Ari@Tor 07:07PM ET",0,"Tor"
"SS","Nick Ahmed",2100,"Ari@Tor 07:07PM ET",4.731,"Ari"
"C","Kevin Plawecki",2100,"KC@NYM 07:10PM ET",3.878,"NYM"
"SS","Carlos Asuaje",2100,"SD@Bal 07:05PM ET",0,"SD"
"C","A.J. Pierzynski",2000,"Atl@Mia 07:10PM ET",3.571,"Atl"
"2B/SS","Rafael Furcal",2000,"Atl@Mia 07:10PM ET",0,"Mia"
"OF","Josh Hamilton",2000,"Cin@Tex 08:05PM ET",0,"Tex"
"OF","Carl Crawford",2000,"Was@LAD 10:10PM ET",3.067,"LAD"
"2B","Marco Scutaro",2000,"SF@Pit 07:05PM ET",0,"SF"
"2B","Omar Infante",2000,"KC@NYM 07:10PM ET",4.897,"KC"
"1B","Jeff Baker",2000,"Atl@Mia 07:10PM ET",0,"Mia"
"C","Gerald Laird",2000,"Ari@Tor 07:07PM ET",0,"Ari"
"C","Brayan Pena",2000,"StL@ChC 08:05PM ET",0,"StL"
"1B/OF","Corey Hart",2000,"SF@Pit 07:05PM ET",0,"Pit"
"1B","Michael Morse",2000,"SF@Pit 07:05PM ET",0.000,"Pit"
"OF","Nate McLouth",2000,"Was@LAD 10:10PM ET",0,"Was"
"C","Jeff Mathis",2000,"Atl@Mia 07:10PM ET",3.882,"Mia"
"3B","Don Kelly",2000,"Atl@Mia 07:10PM ET",0,"Mia"
"SS","Erick Aybar",2000,"Atl@Mia 07:10PM ET",3.792,"Atl"
"C","Erik Kratz",2000,"SF@Pit 07:05PM ET",0.500,"Pit"
"C","Chris Stewart",2000,"SF@Pit 07:05PM ET",4.320,"Pit"
"C","Bobby Wilson",2000,"Cin@Tex 08:05PM ET",5.161,"Tex"
"2B/3B","Maicer Izturis",2000,"Ari@Tor 07:07PM ET",0,"Tor"
"1B/3B","Casey McGehee",2000,"Sea@Det 07:10PM ET",0.000,"Det"
"C","A.J. Ellis",2000,"Was@LAD 10:10PM ET",3.686,"LAD"
"2B/3B","Brendan Ryan",2000,"LAA@Hou 08:10PM ET",0.294,"LAA"
"C","Jose Lobaton",2000,"Was@LAD 10:10PM ET",3.273,"Was"
"OF","Rickie Weeks Jr.",2000,"Ari@Tor 07:07PM ET",3.160,"Ari"
"2B","Emilio Bonifacio",2000,"Atl@Mia 07:10PM ET",0,"Atl"
"3B","Paul Janish",2000,"SD@Bal 07:05PM ET",2.385,"Bal"
"SS","Alcides Escobar",2000,"KC@NYM 07:10PM ET",5.826,"KC"
"C","Martin Maldonado",2000,"Mil@Oak 10:05PM ET",2.773,"Mil"
"3B","Pablo Sandoval",2000,"CWS@Bos 07:10PM ET",0.667,"Bos"
"OF","Sam Fuld",2000,"Mil@Oak 10:05PM ET",0,"Oak"
"3B","Reid Brignac",2000,"Atl@Mia 07:10PM ET",2.308,"Atl"
"2B/SS","Ramiro Pena",2000,"SF@Pit 07:05PM ET",3.500,"SF"
"3B","Brandon Snyder",2000,"Atl@Mia 07:10PM ET",2.889,"Atl"
"OF","Jordan Schafer",2000,"Was@LAD 10:10PM ET",0,"LAD"
"C","Bryan Anderson",2000,"Mil@Oak 10:05PM ET",0,"Oak"
"OF","Brandon Barnes",2000,"Col@NYY 07:05PM ET",2.263,"Col"
"2B/SS","Pedro Ciriaco",2000,"Cin@Tex 08:05PM ET",0,"Tex"
"C","Drew Butera",2000,"KC@NYM 07:10PM ET",5.500,"KC"
"2B/SS","Justin Sellers",2000,"SD@Bal 07:05PM ET",0,"SD"
"C","Josh Thole",2000,"Ari@Tor 07:07PM ET",1.840,"Tor"
"OF","Antoan Richardson",2000,"SF@Pit 07:05PM ET",0,"Pit"
"OF","Mike Baxter",2000,"Sea@Det 07:10PM ET",0,"Sea"
"C","Tyler Flowers",2000,"Atl@Mia 07:10PM ET",5.366,"Atl"
"OF","Travis Snider",2000,"KC@NYM 07:10PM ET",0,"KC"
"2B/SS","Emmanuel Burriss",2000,"Phi@Min 08:10PM ET",1.259,"Phi"
"OF","Cedric Hunter",2000,"Phi@Min 08:10PM ET",2.154,"Phi"
"OF","Shane Robinson",2000,"LAA@Hou 08:10PM ET",2.862,"LAA"
"OF/SS","Kristopher Negron",2000,"StL@ChC 08:05PM ET",0,"ChC"
"1B/OF","Allen Craig",2000,"CWS@Bos 07:10PM ET",0,"Bos"
"3B","Cole Figueroa",2000,"SF@Pit 07:05PM ET",1.087,"Pit"
"OF","Craig Gentry",2000,"LAA@Hou 08:10PM ET",2.357,"LAA"
"C","John Hester",2000,"LAA@Hou 08:10PM ET",0,"LAA"
"1B/2B","Grant Green",2000,"SF@Pit 07:05PM ET",0,"SF"
"OF","Tommy Pham",2000,"StL@ChC 08:05PM ET",1.000,"StL"
"C","Roberto Perez",2000,"TB@Cle 07:10PM ET",4.500,"Cle"
"OF","Gorkys Hernandez",2000,"SF@Pit 07:05PM ET",0,"SF"
"2B/3B","Elian Herrera",2000,"Was@LAD 10:10PM ET",0,"LAD"
"1B/3B","Matt Dominguez",2000,"Ari@Tor 07:07PM ET",0.400,"Tor"
"3B","Josh Vitters",2000,"StL@ChC 08:05PM ET",0,"ChC"
"C","Devin Mesoraco",2000,"Cin@Tex 08:05PM ET",2.438,"Cin"
"C","Juan Centeno",2000,"Phi@Min 08:10PM ET",4.056,"Min"
"OF","Darin Mastroianni",2000,"Phi@Min 08:10PM ET",1.571,"Min"
"C","Tony Cruz",2000,"KC@NYM 07:10PM ET",0.000,"KC"
"C","Eric Fryer",2000,"StL@ChC 08:05PM ET",3.227,"StL"
"OF","David Lough",2000,"Phi@Min 08:10PM ET",3.533,"Phi"
"2B/SS","Charlie Culberson",2000,"Was@LAD 10:10PM ET",3.067,"LAD"
"C","Jordan Pacheco",2000,"Cin@Tex 08:05PM ET",1.097,"Cin"
"OF","Brett Eibner",2000,"KC@NYM 07:10PM ET",8.750,"KC"
"OF","Collin Cowgill",2000,"TB@Cle 07:10PM ET",0.778,"Cle"
"2B/3B","Christian Colon",2000,"KC@NYM 07:10PM ET",3.591,"KC"
"C","Jesus Sucre",2000,"Sea@Det 07:10PM ET",0,"Sea"
"OF","Jabari Blash",2000,"SD@Bal 07:05PM ET",1.000,"SD"
"C","Sandy Leon",2000,"CWS@Bos 07:10PM ET",8.200,"Bos"
"OF","Abraham Almonte",2000,"TB@Cle 07:10PM ET",0,"Cle"
"1B/OF","Efren Navarro",2000,"Sea@Det 07:10PM ET",0,"Sea"
"C","Kyle Skipworth",2000,"Cin@Tex 08:05PM ET",0,"Cin"
"2B","Jemile Weeks",2000,"SD@Bal 07:05PM ET",3.235,"SD"
"OF","Jaff Decker",2000,"TB@Cle 07:10PM ET",1.000,"TB"
"2B/OF","Tyler Ladendorf",2000,"Mil@Oak 10:05PM ET",0.885,"Oak"
"3B","Dusty Coleman",2000,"KC@NYM 07:10PM ET",0,"KC"
"1B","Josh Satin",2000,"SD@Bal 07:05PM ET",0,"SD"
"1B/3B","Eric Campbell",2000,"KC@NYM 07:10PM ET",2.933,"NYM"
"C","Tim Federowicz",2000,"StL@ChC 08:05PM ET",2.385,"ChC"
"OF","Daniel Robertson",2000,"Sea@Det 07:10PM ET",0,"Sea"
"2B/OF","Rafael Ynoa",2000,"Col@NYY 07:05PM ET",0,"Col"
"OF","Cesar Puello",2000,"Col@NYY 07:05PM ET",0,"NYY"
"2B","Jose Pirela",2000,"SD@Bal 07:05PM ET",1.867,"SD"
"1B/OF","Donald Lutz",2000,"Cin@Tex 08:05PM ET",0,"Cin"
"1B/OF","Dustin Ackley",2000,"Col@NYY 07:05PM ET",2.172,"NYY"
"2B/SS","Nick Franklin",2000,"TB@Cle 07:10PM ET",1.333,"TB"
"OF","Slade Heathcott",2000,"Col@NYY 07:05PM ET",0,"NYY"
"OF","Darrell Ceciliani",2000,"Ari@Tor 07:07PM ET",0.000,"Tor"
"3B/OF","Ty Kelly",2000,"KC@NYM 07:10PM ET",2.231,"NYM"
"3B","Deven Marrero",2000,"CWS@Bos 07:10PM ET",0,"Bos"
"OF","Brian Goodwin",2000,"Was@LAD 10:10PM ET",0,"Was"
"C","Mike Zunino",2000,"Sea@Det 07:10PM ET",0,"Sea"
"C","Tomas Telis",2000,"Atl@Mia 07:10PM ET",0,"Mia"
"1B/3B","Max Muncy",2000,"Mil@Oak 10:05PM ET",2.889,"Oak"
"2B/SS","Wilfredo Tovar",2000,"Phi@Min 08:10PM ET",0,"Min"
"OF","Eury Perez",2000,"LAA@Hou 08:10PM ET",0,"Hou"
"OF","Yorman Rodriguez",2000,"Cin@Tex 08:05PM ET",0,"Cin"
"C","Elias Diaz",2000,"SF@Pit 07:05PM ET",0,"Pit"
"2B/3B","Christian Villanueva",2000,"StL@ChC 08:05PM ET",0,"ChC"
"SS","Erik Gonzalez",2000,"TB@Cle 07:10PM ET",0,"Cle"
"2B/SS","Cristhian Adames",2000,"Col@NYY 07:05PM ET",1.891,"Col"
"C","Willson Contreras",2000,"StL@ChC 08:05PM ET",8.000,"ChC"
"OF","Stefen Romero",2000,"Sea@Det 07:10PM ET",2.125,"Sea"
"OF","Ryan LaMarre",2000,"CWS@Bos 07:10PM ET",0,"Bos"
"C","Bryan Holaday",2000,"Cin@Tex 08:05PM ET",5.815,"Tex"
"3B","Colin Walsh",2000,"Mil@Oak 10:05PM ET",1.526,"Oak"
"C","Jacob Stallings",2000,"SF@Pit 07:05PM ET",0.000,"Pit"
"C","Cody Stanley",2000,"StL@ChC 08:05PM ET",0,"StL"
"OF","Juan Perez",2000,"StL@ChC 08:05PM ET",0,"ChC"
"C","Oscar Hernandez",2000,"Ari@Tor 07:07PM ET",0,"Ari"
"C","Rob Brantly",2000,"Sea@Det 07:10PM ET",0,"Sea"
"2B","Taylor Lindsey",2000,"SD@Bal 07:05PM ET",0,"SD"
"C","Tony Wolters",2000,"Col@NYY 07:05PM ET",5.000,"Col"
"2B","Ryan Brett",2000,"TB@Cle 07:10PM ET",0,"TB"
"OF","Mason Williams",2000,"Col@NYY 07:05PM ET",0,"NYY"
"C","Justin O'Conner",2000,"TB@Cle 07:10PM ET",0,"TB"
"2B/SS","Yadiel Rivera",2000,"Mil@Oak 10:05PM ET",3.000,"Mil"
"OF","Kyle Waldrop",2000,"Cin@Tex 08:05PM ET",2.250,"Cin"
"3B/OF","Brandon Drury",2000,"Ari@Tor 07:07PM ET",6.304,"Ari"
"1B/OF","Ji-Man Choi",2000,"LAA@Hou 08:10PM ET",1.071,"LAA"
"1B","Jason Rogers",2000,"SF@Pit 07:05PM ET",2.600,"Pit"
"3B/SS","Daniel Castro",2000,"Atl@Mia 07:10PM ET",2.595,"Atl"
"2B/SS","Hanser Alberto",2000,"Cin@Tex 08:05PM ET",1.375,"Tex"
"C","Jorge Alfaro",2000,"Phi@Min 08:10PM ET",0,"Phi"
"3B/SS","Luis Sardinas",2000,"Sea@Det 07:10PM ET",3.560,"Sea"
"OF","Preston Tucker",2000,"LAA@Hou 08:10PM ET",3.273,"Hou"
"2B","Matt Reynolds",2000,"KC@NYM 07:10PM ET",2.529,"NYM"
"SS","Orlando Arcia",2000,"Mil@Oak 10:05PM ET",0,"Mil"
"OF","Bubba Starling",2000,"KC@NYM 07:10PM ET",0,"KC"
"OF","Brandon Nimmo",2000,"KC@NYM 07:10PM ET",0,"NYM"
"OF","Josh Bell",2000,"SF@Pit 07:05PM ET",0,"Pit"
"OF","Roman Quinn",2000,"Phi@Min 08:10PM ET",0,"Phi"
"2B/OF","Jace Peterson",2000,"Atl@Mia 07:10PM ET",4.433,"Atl"
"OF","Michael Reed",2000,"Mil@Oak 10:05PM ET",0,"Mil"
"OF","Tyler Collins",2000,"Sea@Det 07:10PM ET",1.000,"Det"
"OF","Terrance Gore",2000,"KC@NYM 07:10PM ET",3.500,"KC"
"C","Pedro Severino",2000,"Was@LAD 10:10PM ET",2.000,"Was"
"C","Kevan Smith",2000,"CWS@Bos 07:10PM ET",0.000,"CWS"
"SS","Chris Taylor",2000,"Was@LAD 10:10PM ET",1.500,"LAD"
"OF","Jesse Winker",2000,"Cin@Tex 08:05PM ET",0,"Cin"
"OF","Boog Powell",2000,"Sea@Det 07:10PM ET",0,"Sea"
"SS","Raul Mondesi",2000,"KC@NYM 07:10PM ET",0,"KC"
"SS","Willy Adames",2000,"TB@Cle 07:10PM ET",0,"TB"
"3B/OF","Alex Guerrero",2000,"Was@LAD 10:10PM ET",0,"LAD"
"SS","Ozhaino Albies",2000,"Atl@Mia 07:10PM ET",0,"Atl"
